"rules","support","confidence","lift"
"{potted plants} => {whole milk}",0.00691408235892222,0.4,1.56545961002786
"{pasta} => {whole milk}",0.00610066090493137,0.405405405405405,1.58661446962283
"{herbs} => {root vegetables}",0.00701576004067107,0.43125,3.95647737873134
"{herbs} => {other vegetables}",0.00772750381291307,0.475,2.45487388334209
"{herbs} => {whole milk}",0.00772750381291307,0.475,1.85898328690808
"{processed cheese} => {whole milk}",0.00701576004067107,0.423312883435583,1.65669805355709
"{semi-finished bread} => {whole milk}",0.00711743772241993,0.402298850574713,1.57445650433836
"{beverages} => {whole milk}",0.00681240467717336,0.26171875,1.02427533077994
"{detergent} => {other vegetables}",0.00640569395017794,0.333333333333333,1.72271851462603
"{detergent} => {whole milk}",0.00894763599389934,0.465608465608466,1.82222811749274
"{pickled vegetables} => {other vegetables}",0.00640569395017794,0.357954545454545,1.84996476854727
"{pickled vegetables} => {whole milk}",0.00711743772241993,0.397727272727273,1.5565649531527
"{baking powder} => {other vegetables}",0.00732079308591764,0.413793103448276,2.13854712160473
"{baking powder} => {whole milk}",0.00925266903914591,0.522988505747126,2.04679345563987
"{flour} => {other vegetables}",0.00630401626842908,0.362573099415205,1.87383417380375
"{flour} => {whole milk}",0.00843924758515506,0.485380116959064,1.89960742152503
"{soft cheese} => {other vegetables}",0.00711743772241993,0.416666666666667,2.15339814328254
"{soft cheese} => {whole milk}",0.00752414844941535,0.44047619047619,1.72386921342353
"{specialty bar} => {soda}",0.00721911540416879,0.263940520446097,1.51361808663986
"{misc. beverages} => {soda}",0.00732079308591764,0.258064516129032,1.47992100065833
"{grapes} => {tropical fruit}",0.00610066090493137,0.272727272727273,2.59910147991543
"{grapes} => {other vegetables}",0.0090493136756482,0.404545454545455,2.09075383365977
"{grapes} => {whole milk}",0.00732079308591764,0.327272727272727,1.28083059002279
"{cat food} => {yogurt}",0.00620233858668022,0.266375545851528,1.90947776490509
"{cat food} => {other vegetables}",0.00650737163192679,0.279475982532751,1.44437534850741
"{cat food} => {whole milk}",0.00884595831215048,0.379912663755459,1.48684482611816
"{specialty chocolate} => {whole milk}",0.00803253685815963,0.264214046822742,1.03404104675753
"{meat} => {rolls/buns}",0.00691408235892222,0.267716535433071,1.45549592370605
"{meat} => {other vegetables}",0.0099644128113879,0.385826771653543,1.99401276889784
"{meat} => {whole milk}",0.0099644128113879,0.385826771653543,1.50999056872766
"{frozen meals} => {other vegetables}",0.00752414844941535,0.265232974910394,1.37076526970243
"{frozen meals} => {whole milk}",0.00986273512963904,0.347670250896057,1.36065933846507
"{hard cheese} => {yogurt}",0.00640569395017794,0.261410788381743,1.87388855957321
"{hard cheese} => {other vegetables}",0.00945602440264362,0.385892116182573,1.99435047958781
"{hard cheese} => {whole milk}",0.0100660904931368,0.410788381742739,1.6076815497174
"{butter milk} => {yogurt}",0.00854092526690392,0.305454545454545,2.18961038961039
"{butter milk} => {rolls/buns}",0.00762582613116421,0.272727272727273,1.48273782602141
"{butter milk} => {other vegetables}",0.0103711235383833,0.370909090909091,1.9169158744566
"{butter milk} => {whole milk}",0.0115912557193696,0.414545454545455,1.62238541402887
"{candy} => {soda}",0.00864260294865277,0.289115646258503,1.65798972650285
"{candy} => {whole milk}",0.00823589222165735,0.275510204081633,1.07825024160082
"{ham} => {yogurt}",0.0067107269954245,0.2578125,1.84809470663265
"{ham} => {rolls/buns}",0.00691408235892222,0.265625,1.4441248618021
"{ham} => {other vegetables}",0.00915099135739705,0.3515625,1.81692968339464
"{ham} => {whole milk}",0.0114895780376207,0.44140625,1.72750913997214
"{sliced cheese} => {sausage}",0.00701576004067107,0.286307053941909,3.04743493021501
"{sliced cheese} => {yogurt}",0.00803253685815963,0.327800829875519,2.3497967651791
"{sliced cheese} => {rolls/buns}",0.00762582613116421,0.311203319502075,1.69192075583356
"{sliced cheese} => {other vegetables}",0.0090493136756482,0.369294605809129,1.90857196433672
"{sliced cheese} => {whole milk}",0.0107778342653787,0.439834024896266,1.72135600272772
"{oil} => {root vegetables}",0.00701576004067107,0.25,2.29361007462687
"{oil} => {other vegetables}",0.0099644128113879,0.355072463768116,1.83506972210164
"{oil} => {whole milk}",0.011286222674123,0.402173913043478,1.57396754269105
"{onions} => {root vegetables}",0.00945602440264362,0.304918032786885,2.79745228774162
"{onions} => {other vegetables}",0.0142348754448399,0.459016393442623,2.37226811850142
"{onions} => {whole milk}",0.0120996441281139,0.390163934426229,1.52696470158455
"{berries} => {whipped/sour cream}",0.0090493136756482,0.27217125382263,3.7968855054547
"{berries} => {yogurt}",0.010574478901881,0.318042813455657,2.27984771890408
"{berries} => {other vegetables}",0.0102694458566345,0.308868501529052,1.59628045850669
"{berries} => {whole milk}",0.0117946110828673,0.35474006116208,1.38832809452012
"{hamburger meat} => {rolls/buns}",0.00864260294865277,0.259938837920489,1.41321087393478
"{hamburger meat} => {other vegetables}",0.0138281647178444,0.415902140672783,2.14944695402881
"{hamburger meat} => {whole milk}",0.0147432638535841,0.443425076452599,1.73541011815015
"{hygiene articles} => {other vegetables}",0.00955770208439248,0.290123456790123,1.49940315161895
"{hygiene articles} => {whole milk}",0.0128113879003559,0.388888888888889,1.52197462086041
"{salty snack} => {other vegetables}",0.0107778342653787,0.28494623655914,1.47264647218032
"{salty snack} => {whole milk}",0.0111845449923742,0.295698924731183,1.15726180848833
"{sugar} => {other vegetables}",0.0107778342653787,0.318318318318318,1.64511858153477
"{sugar} => {whole milk}",0.0150482968988307,0.444444444444444,1.73939956669762
"{waffles} => {other vegetables}",0.0100660904931368,0.261904761904762,1.35356454720617
"{waffles} => {whole milk}",0.012709710218607,0.330687830687831,1.29419610617382
"{long life bakery product} => {other vegetables}",0.0106761565836299,0.285326086956522,1.47460959811739
"{long life bakery product} => {whole milk}",0.0135231316725979,0.361413043478261,1.41444380525615
"{dessert} => {soda}",0.00986273512963904,0.265753424657534,1.52401453732178
"{dessert} => {yogurt}",0.00986273512963904,0.265753424657534,1.90501817165222
"{dessert} => {other vegetables}",0.0115912557193696,0.312328767123288,1.61416364932083
"{dessert} => {whole milk}",0.0137264870360956,0.36986301369863,1.44751402297096
"{cream cheese} => {yogurt}",0.0124046771733604,0.312820512820513,2.24241234955521
"{cream cheese} => {rolls/buns}",0.0099644128113879,0.251282051282051,1.36614647559921
"{cream cheese} => {other vegetables}",0.0137264870360956,0.346153846153846,1.78897691903472
"{cream cheese} => {whole milk}",0.0164717844433147,0.415384615384615,1.62566959502893
"{chicken} => {root vegetables}",0.0108795119471276,0.253554502369668,2.32622064440829
"{chicken} => {other vegetables}",0.0178952719877987,0.417061611374408,2.15543927896337
"{chicken} => {whole milk}",0.0175902389425521,0.409952606635071,1.6044106192821
"{white bread} => {other vegetables}",0.0137264870360956,0.326086956521739,1.68526811213416
"{white bread} => {whole milk}",0.0170818505338078,0.405797101449275,1.58814743046304
"{chocolate} => {soda}",0.0135231316725979,0.272540983606557,1.56293911007026
"{chocolate} => {other vegetables}",0.012709710218607,0.256147540983607,1.32381033398517
"{chocolate} => {whole milk}",0.0166751398068124,0.336065573770492,1.31524270514635
"{coffee} => {whole milk}",0.0187086934417895,0.322241681260946,1.2611408417037
"{frozen vegetables} => {yogurt}",0.0124046771733604,0.257928118393235,1.84892350174742
"{frozen vegetables} => {other vegetables}",0.0177935943060498,0.369978858350951,1.91210828790416
"{frozen vegetables} => {whole milk}",0.0204372140315201,0.424947145877378,1.66309398316913
"{beef} => {root vegetables}",0.0173868835790544,0.331395348837209,3.04036684311003
"{beef} => {rolls/buns}",0.0136248093543467,0.25968992248062,1.41185759402814
"{beef} => {other vegetables}",0.0197254702592781,0.375968992248062,1.94306623161308
"{beef} => {whole milk}",0.0212506354855109,0.405038759689922,1.58517954697588
"{curd} => {yogurt}",0.0172852058973055,0.324427480916031,2.32561536064808
"{curd} => {other vegetables}",0.0171835282155567,0.322519083969466,1.66682879182328
"{curd} => {whole milk}",0.026131164209456,0.490458015267176,1.91948053328797
"{napkins} => {other vegetables}",0.0144382308083376,0.275728155339806,1.4250059946227
"{napkins} => {whole milk}",0.0197254702592781,0.376699029126214,1.47426778808448
"{pork} => {other vegetables}",0.0216573462125064,0.375661375661376,1.94147642124521
"{pork} => {whole milk}",0.0221657346212506,0.384479717813051,1.5047186727781
"{frankfurter} => {rolls/buns}",0.0192170818505338,0.325862068965517,1.77161605764282
"{frankfurter} => {other vegetables}",0.0164717844433147,0.279310344827586,1.44351930708319
"{frankfurter} => {whole milk}",0.0205388917132689,0.348275862068965,1.36302948804149
"{bottled beer} => {whole milk}",0.0204372140315201,0.253787878787879,0.993236684392673
"{brown bread} => {other vegetables}",0.0187086934417895,0.288401253918495,1.49050253930026
"{brown bread} => {whole milk}",0.0252160650737163,0.38871473354232,1.5212930379581
"{margarine} => {rolls/buns}",0.0147432638535841,0.251736111111111,1.36861506510657
"{margarine} => {other vegetables}",0.0197254702592781,0.336805555555556,1.74066349915338
"{margarine} => {whole milk}",0.0241992882562278,0.413194444444444,1.61709803466419
"{butter} => {yogurt}",0.0146415861718353,0.264220183486239,1.89402733570492
"{butter} => {other vegetables}",0.0200305033045247,0.361467889908257,1.86812227916327
"{butter} => {whole milk}",0.02755465175394,0.497247706422018,1.94605300145665
"{newspapers} => {whole milk}",0.0273512963904423,0.342675159235669,1.34111030285826
"{domestic eggs} => {other vegetables}",0.0222674123029995,0.350961538461538,1.81382382068798
"{domestic eggs} => {whole milk}",0.0299949161159126,0.47275641025641,1.85020266409542
"{fruit/vegetable juice} => {soda}",0.018403660396543,0.254571026722925,1.45988690834984
"{fruit/vegetable juice} => {yogurt}",0.0187086934417895,0.258790436005626,1.85510491116278
"{fruit/vegetable juice} => {other vegetables}",0.0210472801220132,0.291139240506329,1.50465287986324
"{fruit/vegetable juice} => {whole milk}",0.0266395526182003,0.368495077355837,1.44216040023663
"{whipped/sour cream} => {yogurt}",0.0207422470767667,0.28936170212766,2.07425097698654
"{whipped/sour cream} => {other vegetables}",0.0288764616166751,0.402836879432624,2.08192365171827
"{whipped/sour cream} => {whole milk}",0.0322318251143874,0.449645390070922,1.75975424247812
"{pip fruit} => {tropical fruit}",0.0204372140315201,0.270161290322581,2.57464756814204
"{pip fruit} => {other vegetables}",0.026131164209456,0.345430107526882,1.78523652523746
"{pip fruit} => {whole milk}",0.0300965937976614,0.397849462365591,1.55704316051158
"{pastry} => {other vegetables}",0.0225724453482461,0.253714285714286,1.31123489227535
"{pastry} => {whole milk}",0.033248601931876,0.373714285714286,1.46258654994031
"{citrus fruit} => {yogurt}",0.0216573462125064,0.261670761670762,1.87575214360929
"{citrus fruit} => {other vegetables}",0.0288764616166751,0.348894348894349,1.80314026346606
"{citrus fruit} => {whole milk}",0.0305033045246568,0.368550368550369,1.44237679056621
"{sausage} => {soda}",0.0243009659379766,0.258658008658009,1.48332449863062
"{sausage} => {rolls/buns}",0.0306049822064057,0.325757575757576,1.7710479588589
"{sausage} => {other vegetables}",0.0269445856634469,0.286796536796537,1.48220911161006
"{sausage} => {whole milk}",0.0298932384341637,0.318181818181818,1.24525196252216
"{bottled water} => {soda}",0.028978139298424,0.262189512419503,1.50357659163021
"{bottled water} => {whole milk}",0.0343670564311134,0.310947562097516,1.21693962325072
"{tropical fruit} => {yogurt}",0.0292831723436706,0.27906976744186,2.00047460844803
"{tropical fruit} => {other vegetables}",0.0358922216573462,0.342054263565891,1.7677896385552
"{tropical fruit} => {whole milk}",0.0422979156075241,0.403100775193798,1.57759495584202
"{root vegetables} => {other vegetables}",0.047381799694967,0.434701492537313,2.2466049285888
"{root vegetables} => {whole milk}",0.0489069649211998,0.448694029850746,1.75603095247994
"{yogurt} => {other vegetables}",0.0434163701067616,0.311224489795918,1.6084565723294
"{yogurt} => {whole milk}",0.0560244026436197,0.401603498542274,1.57173514053453
"{rolls/buns} => {whole milk}",0.0566344687341129,0.307904919845218,1.20503178936638
"{other vegetables} => {whole milk}",0.0748347737671581,0.386757750919601,1.51363409482462
"{whole milk} => {other vegetables}",0.0748347737671581,0.292877039395145,1.51363409482462
"{onions,other vegetables} => {whole milk}",0.00660904931367565,0.464285714285714,1.81705133306805
"{onions,whole milk} => {other vegetables}",0.00660904931367565,0.546218487394958,2.82294210379895
"{hamburger meat,other vegetables} => {whole milk}",0.00630401626842908,0.455882352941176,1.78416352613469
"{hamburger meat,whole milk} => {other vegetables}",0.00630401626842908,0.427586206896552,2.20983202565822
"{other vegetables,sugar} => {whole milk}",0.00630401626842908,0.584905660377358,2.28911546749356
"{sugar,whole milk} => {other vegetables}",0.00630401626842908,0.418918918918919,2.16503813324623
"{cream cheese,yogurt} => {whole milk}",0.00660904931367565,0.532786885245902,2.08514087401251
"{cream cheese,whole milk} => {yogurt}",0.00660904931367565,0.401234567901235,2.8761967750063
"{cream cheese,other vegetables} => {whole milk}",0.0067107269954245,0.488888888888889,1.91333952336738
"{cream cheese,whole milk} => {other vegetables}",0.0067107269954245,0.407407407407407,2.10554485120959
"{chicken,other vegetables} => {whole milk}",0.00843924758515506,0.471590909090909,1.84564130159534
"{chicken,whole milk} => {other vegetables}",0.00843924758515506,0.479768786127168,2.47951971180278
"{coffee,other vegetables} => {whole milk}",0.00640569395017794,0.477272727272727,1.86787794378324
"{coffee,whole milk} => {other vegetables}",0.00640569395017794,0.342391304347826,1.76953151774087
"{frozen vegetables,root vegetables} => {other vegetables}",0.00610066090493137,0.526315789473684,2.72008186519899
"{frozen vegetables,other vegetables} => {root vegetables}",0.00610066090493137,0.342857142857143,3.1455223880597
"{frozen vegetables,root vegetables} => {whole milk}",0.00620233858668022,0.535087719298246,2.09414553095831
"{frozen vegetables,whole milk} => {root vegetables}",0.00620233858668022,0.303482587064677,2.78428287666147
"{frozen vegetables,yogurt} => {whole milk}",0.00610066090493137,0.491803278688525,1.9247454221654
"{frozen vegetables,whole milk} => {yogurt}",0.00610066090493137,0.298507462686567,2.13981114833993
"{frozen vegetables,other vegetables} => {whole milk}",0.00965937976614133,0.542857142857143,2.12455232789495
"{frozen vegetables,whole milk} => {other vegetables}",0.00965937976614133,0.472636815920398,2.44266058043989
"{beef,root vegetables} => {other vegetables}",0.00793085917641078,0.456140350877193,2.35740428317246
"{beef,other vegetables} => {root vegetables}",0.00793085917641078,0.402061855670103,3.68869249115248
"{beef,root vegetables} => {whole milk}",0.00803253685815963,0.461988304093567,1.80806007590936
"{beef,whole milk} => {root vegetables}",0.00803253685815963,0.37799043062201,3.46785063914875
"{beef,yogurt} => {whole milk}",0.00610066090493137,0.521739130434783,2.04190383916677
"{beef,whole milk} => {yogurt}",0.00610066090493137,0.287081339712919,2.05790450151352
"{beef,rolls/buns} => {whole milk}",0.00681240467717336,0.5,1.95682451253482
"{beef,whole milk} => {rolls/buns}",0.00681240467717336,0.320574162679426,1.74286726918306
"{beef,other vegetables} => {whole milk}",0.00925266903914591,0.469072164948454,1.83578382103782
"{beef,whole milk} => {other vegetables}",0.00925266903914591,0.435406698564593,2.25024954302826
"{curd,tropical fruit} => {whole milk}",0.00650737163192679,0.633663366336634,2.47993601588571
"{curd,root vegetables} => {whole milk}",0.00620233858668022,0.570093457943925,2.23114570588082
"{curd,yogurt} => {other vegetables}",0.00610066090493137,0.352941176470588,1.82405489783932
"{curd,other vegetables} => {yogurt}",0.00610066090493137,0.355029585798817,2.54498249003743
"{curd,yogurt} => {whole milk}",0.0100660904931368,0.582352941176471,2.27912502048173
"{curd,whole milk} => {yogurt}",0.0100660904931368,0.385214007782101,2.76135551496863
"{curd,other vegetables} => {whole milk}",0.00986273512963904,0.57396449704142,2.24629559427074
"{curd,whole milk} => {other vegetables}",0.00986273512963904,0.377431906614786,1.95062680060768
"{napkins,yogurt} => {whole milk}",0.00610066090493137,0.495867768595041,1.94065240912544
"{napkins,whole milk} => {yogurt}",0.00610066090493137,0.309278350515464,2.21702082895014
"{napkins,other vegetables} => {whole milk}",0.00681240467717336,0.471830985915493,1.84658087802581
"{napkins,whole milk} => {other vegetables}",0.00681240467717336,0.345360824742268,1.78487846103006
"{pork,root vegetables} => {other vegetables}",0.00701576004067107,0.514925373134328,2.66121442184767
"{other vegetables,pork} => {root vegetables}",0.00701576004067107,0.323943661971831,2.97200178684045
"{pork,root vegetables} => {whole milk}",0.00681240467717336,0.5,1.95682451253482
"{pork,whole milk} => {root vegetables}",0.00681240467717336,0.307339449541284,2.81966743119266
"{pork,rolls/buns} => {whole milk}",0.00620233858668022,0.54954954954955,2.15074405882205
"{pork,whole milk} => {rolls/buns}",0.00620233858668022,0.279816513761468,1.52127994076508
"{other vegetables,pork} => {whole milk}",0.0101677681748856,0.469483568075117,1.8373939084834
"{pork,whole milk} => {other vegetables}",0.0101677681748856,0.458715596330275,2.37071355223766
"{frankfurter,yogurt} => {whole milk}",0.00620233858668022,0.554545454545455,2.17029627753862
"{frankfurter,whole milk} => {yogurt}",0.00620233858668022,0.301980198019802,2.16470499090725
"{frankfurter,other vegetables} => {whole milk}",0.00762582613116421,0.462962962962963,1.81187454864335
"{frankfurter,whole milk} => {other vegetables}",0.00762582613116421,0.371287128712871,1.918869632628
"{bottled beer,bottled water} => {whole milk}",0.00610066090493137,0.387096774193548,1.51496091293018
"{bottled beer,whole milk} => {bottled water}",0.00610066090493137,0.298507462686567,2.700847189993
"{bottled beer,other vegetables} => {whole milk}",0.00762582613116421,0.471698113207547,1.8460608608819
"{bottled beer,whole milk} => {other vegetables}",0.00762582613116421,0.373134328358209,1.9284162477157
"{brown bread,yogurt} => {whole milk}",0.00711743772241993,0.48951048951049,1.91577225003409
"{brown bread,whole milk} => {yogurt}",0.00711743772241993,0.282258064516129,2.02332949308756
"{brown bread,other vegetables} => {whole milk}",0.00935434672089476,0.5,1.95682451253482
"{brown bread,whole milk} => {other vegetables}",0.00935434672089476,0.370967741935484,1.91721899208381
"{margarine,yogurt} => {whole milk}",0.00701576004067107,0.492857142857143,1.92886987664146
"{margarine,whole milk} => {yogurt}",0.00701576004067107,0.289915966386555,2.07822414680158
"{margarine,rolls/buns} => {whole milk}",0.00793085917641078,0.537931034482759,2.10527326865815
"{margarine,whole milk} => {rolls/buns}",0.00793085917641078,0.327731092436975,1.78177738757194
"{margarine,other vegetables} => {whole milk}",0.00925266903914591,0.469072164948454,1.83578382103782
"{margarine,whole milk} => {other vegetables}",0.00925266903914591,0.382352941176471,1.97605947265927
"{butter,whipped/sour cream} => {whole milk}",0.0067107269954245,0.66,2.58300835654596
"{butter,tropical fruit} => {whole milk}",0.00620233858668022,0.622448979591837,2.43604684213518
"{butter,root vegetables} => {other vegetables}",0.00660904931367565,0.511811023622047,2.6451189791502
"{butter,other vegetables} => {root vegetables}",0.00660904931367565,0.32994923857868,3.0270995908781
"{butter,root vegetables} => {whole milk}",0.00823589222165735,0.637795275590551,2.49610685850898
"{butter,whole milk} => {root vegetables}",0.00823589222165735,0.298892988929889,2.74217588257972
"{butter,yogurt} => {other vegetables}",0.00640569395017794,0.4375,2.26106805044666
"{butter,other vegetables} => {yogurt}",0.00640569395017794,0.319796954314721,2.29242204496012
"{butter,yogurt} => {whole milk}",0.00935434672089476,0.638888888888889,2.50038687712782
"{butter,whole milk} => {yogurt}",0.00935434672089476,0.339483394833948,2.4335416823556
"{butter,rolls/buns} => {whole milk}",0.00660904931367565,0.492424242424242,1.92717565628429
"{butter,other vegetables} => {whole milk}",0.0114895780376207,0.573604060913706,2.24488497377091
"{butter,whole milk} => {other vegetables}",0.0114895780376207,0.416974169741697,2.15498736700452
"{newspapers,yogurt} => {whole milk}",0.00660904931367565,0.43046357615894,1.68468335516243
"{newspapers,rolls/buns} => {whole milk}",0.00762582613116421,0.38659793814433,1.51300864371249
"{newspapers,whole milk} => {rolls/buns}",0.00762582613116421,0.278810408921933,1.51581004518917
"{newspapers,other vegetables} => {whole milk}",0.0083375699034062,0.431578947368421,1.689048526609
"{newspapers,whole milk} => {other vegetables}",0.0083375699034062,0.304832713754647,1.57542287954648
"{domestic eggs,tropical fruit} => {whole milk}",0.00691408235892222,0.607142857142857,2.37614405093514
"{domestic eggs,root vegetables} => {other vegetables}",0.00732079308591764,0.51063829787234,2.63905815006541
"{domestic eggs,other vegetables} => {root vegetables}",0.00732079308591764,0.328767123287671,3.01625434471478
"{domestic eggs,root vegetables} => {whole milk}",0.00854092526690392,0.595744680851064,2.33153558940319
"{domestic eggs,whole milk} => {root vegetables}",0.00854092526690392,0.284745762711864,2.61238300025297
"{domestic eggs,yogurt} => {whole milk}",0.00772750381291307,0.539007092198582,2.1094845808886
"{domestic eggs,whole milk} => {yogurt}",0.00772750381291307,0.257627118644068,1.84676582497406
"{domestic eggs,rolls/buns} => {whole milk}",0.00660904931367565,0.422077922077922,1.65186484824368
"{domestic eggs,other vegetables} => {whole milk}",0.0123029994916116,0.552511415525114,2.16233576270971
"{domestic eggs,whole milk} => {other vegetables}",0.0123029994916116,0.410169491525424,2.11981973155677
"{fruit/vegetable juice,tropical fruit} => {other vegetables}",0.00660904931367565,0.481481481481481,2.48837118779315
"{fruit/vegetable juice,other vegetables} => {tropical fruit}",0.00660904931367565,0.314009661835749,2.99252424821181
"{fruit/vegetable juice,root vegetables} => {other vegetables}",0.00660904931367565,0.550847457627119,2.84686534196674
"{fruit/vegetable juice,other vegetables} => {root vegetables}",0.00660904931367565,0.314009661835749,2.88086289566659
"{fruit/vegetable juice,root vegetables} => {whole milk}",0.00650737163192679,0.542372881355932,2.12265709834285
"{fruit/vegetable juice,soda} => {whole milk}",0.00610066090493137,0.331491712707182,1.29734221825513
"{fruit/vegetable juice,yogurt} => {other vegetables}",0.00823589222165735,0.440217391304348,2.27511195138111
"{fruit/vegetable juice,other vegetables} => {yogurt}",0.00823589222165735,0.391304347826087,2.8050133096717
"{fruit/vegetable juice,yogurt} => {whole milk}",0.00945602440264362,0.505434782608696,1.97809434419281
"{fruit/vegetable juice,whole milk} => {yogurt}",0.00945602440264362,0.354961832061069,2.54449680635613
"{fruit/vegetable juice,other vegetables} => {whole milk}",0.0104728012201322,0.497584541062802,1.94737125402016
"{fruit/vegetable juice,whole milk} => {other vegetables}",0.0104728012201322,0.393129770992366,2.03175580541772
"{citrus fruit,whipped/sour cream} => {whole milk}",0.00630401626842908,0.579439252336449,2.26772186499362
"{tropical fruit,whipped/sour cream} => {yogurt}",0.00620233858668022,0.448529411764706,3.21522358943577
"{whipped/sour cream,yogurt} => {tropical fruit}",0.00620233858668022,0.299019607843137,2.84966845265238
"{tropical fruit,whipped/sour cream} => {other vegetables}",0.00782918149466192,0.566176470588235,2.92608806528392
"{other vegetables,whipped/sour cream} => {tropical fruit}",0.00782918149466192,0.27112676056338,2.58384853695818
"{tropical fruit,whipped/sour cream} => {whole milk}",0.00793085917641078,0.573529411764706,2.2445928232017
"{root vegetables,whipped/sour cream} => {yogurt}",0.00640569395017794,0.375,2.68813775510204
"{whipped/sour cream,yogurt} => {root vegetables}",0.00640569395017794,0.308823529411765,2.8332830333626
"{root vegetables,whipped/sour cream} => {other vegetables}",0.00854092526690392,0.5,2.58407777193904
"{other vegetables,whipped/sour cream} => {root vegetables}",0.00854092526690392,0.295774647887324,2.71356684885432
"{root vegetables,whipped/sour cream} => {whole milk}",0.00945602440264362,0.553571428571429,2.16648428173498
"{whipped/sour cream,whole milk} => {root vegetables}",0.00945602440264362,0.293375394321767,2.69155504025613
"{whipped/sour cream,yogurt} => {other vegetables}",0.0101677681748856,0.490196078431373,2.5334095803324
"{other vegetables,whipped/sour cream} => {yogurt}",0.0101677681748856,0.352112676056338,2.52407300948548
"{whipped/sour cream,yogurt} => {whole milk}",0.0108795119471276,0.524509803921569,2.05274728275711
"{whipped/sour cream,whole milk} => {yogurt}",0.0108795119471276,0.337539432176656,2.4196066439194
"{rolls/buns,whipped/sour cream} => {other vegetables}",0.0067107269954245,0.458333333333333,2.36873795761079
"{rolls/buns,whipped/sour cream} => {whole milk}",0.00782918149466192,0.534722222222222,2.09271510368307
"{other vegetables,whipped/sour cream} => {whole milk}",0.0146415861718353,0.507042253521127,1.98438542116207
"{whipped/sour cream,whole milk} => {other vegetables}",0.0146415861718353,0.454258675078864,2.34767948996355
"{pip fruit,tropical fruit} => {yogurt}",0.00640569395017794,0.313432835820896,2.24680170575693
"{pip fruit,yogurt} => {tropical fruit}",0.00640569395017794,0.355932203389831,3.39204769412692
"{pip fruit,tropical fruit} => {other vegetables}",0.00945602440264362,0.462686567164179,2.39123614716747
"{other vegetables,pip fruit} => {tropical fruit}",0.00945602440264362,0.361867704280156,3.44861324766989
"{other vegetables,tropical fruit} => {pip fruit}",0.00945602440264362,0.263456090651558,3.48264872521246
"{pip fruit,tropical fruit} => {whole milk}",0.00843924758515506,0.412935323383085,1.61608392577502
"{pip fruit,whole milk} => {tropical fruit}",0.00843924758515506,0.280405405405405,2.67227438194008
"{pip fruit,root vegetables} => {other vegetables}",0.00813421453990849,0.522875816993464,2.70230355235456
"{other vegetables,pip fruit} => {root vegetables}",0.00813421453990849,0.311284046692607,2.85585690225913
"{pip fruit,root vegetables} => {whole milk}",0.00894763599389934,0.57516339869281,2.25098767454986
"{pip fruit,whole milk} => {root vegetables}",0.00894763599389934,0.297297297297297,2.72753630496168
"{pip fruit,yogurt} => {other vegetables}",0.00813421453990849,0.451977401129944,2.33588951135733
"{other vegetables,pip fruit} => {yogurt}",0.00813421453990849,0.311284046692607,2.23139839593425
"{pip fruit,yogurt} => {whole milk}",0.00955770208439248,0.531073446327684,2.07843507546071
"{pip fruit,whole milk} => {yogurt}",0.00955770208439248,0.317567567567568,2.27644098179812
"{pip fruit,rolls/buns} => {whole milk}",0.00620233858668022,0.445255474452555,1.74257365349816
"{other vegetables,pip fruit} => {whole milk}",0.0135231316725979,0.517509727626459,2.02535144098935
"{pip fruit,whole milk} => {other vegetables}",0.0135231316725979,0.449324324324324,2.32217799775603
"{pastry,tropical fruit} => {whole milk}",0.0067107269954245,0.507692307692308,1.98692950503535
"{pastry,soda} => {whole milk}",0.00823589222165735,0.391304347826087,1.53142787937508
"{pastry,yogurt} => {other vegetables}",0.00660904931367565,0.373563218390805,1.93063281811538
"{other vegetables,pastry} => {yogurt}",0.00660904931367565,0.292792792792793,2.09884629527487
"{pastry,yogurt} => {whole milk}",0.00915099135739705,0.517241379310345,2.02430121986361
"{pastry,whole milk} => {yogurt}",0.00915099135739705,0.275229357798165,1.9729451413593
"{pastry,rolls/buns} => {other vegetables}",0.00610066090493137,0.29126213592233,1.50528802248876
"{other vegetables,pastry} => {rolls/buns}",0.00610066090493137,0.27027027027027,1.46937982758878
"{pastry,rolls/buns} => {whole milk}",0.00854092526690392,0.407766990291262,1.59585688400898
"{pastry,whole milk} => {rolls/buns}",0.00854092526690392,0.256880733944954,1.39658486365319
"{other vegetables,pastry} => {whole milk}",0.010574478901881,0.468468468468468,1.83342116489749
"{pastry,whole milk} => {other vegetables}",0.010574478901881,0.318042813455657,1.64369472955144
"{citrus fruit,tropical fruit} => {yogurt}",0.00630401626842908,0.316326530612245,2.26754477301125
"{citrus fruit,yogurt} => {tropical fruit}",0.00630401626842908,0.291079812206573,2.7740018924919
"{citrus fruit,tropical fruit} => {other vegetables}",0.0090493136756482,0.454081632653061,2.34676450716913
"{citrus fruit,other vegetables} => {tropical fruit}",0.0090493136756482,0.313380281690141,2.98652623102959
"{other vegetables,tropical fruit} => {citrus fruit}",0.0090493136756482,0.252124645892351,3.04624802500157
"{citrus fruit,tropical fruit} => {whole milk}",0.0090493136756482,0.454081632653061,1.77711613893468
"{citrus fruit,whole milk} => {tropical fruit}",0.0090493136756482,0.296666666666667,2.82724483204134
"{citrus fruit,root vegetables} => {other vegetables}",0.0103711235383833,0.586206896551724,3.02960842227336
"{citrus fruit,other vegetables} => {root vegetables}",0.0103711235383833,0.359154929577465,3.2950454593231
"{citrus fruit,root vegetables} => {whole milk}",0.00915099135739705,0.517241379310345,2.02430121986361
"{citrus fruit,whole milk} => {root vegetables}",0.00915099135739705,0.3,2.75233208955224
"{citrus fruit,yogurt} => {other vegetables}",0.00762582613116421,0.352112676056338,1.81977307883031
"{citrus fruit,other vegetables} => {yogurt}",0.00762582613116421,0.264084507042254,1.89305475711411
"{citrus fruit,yogurt} => {whole milk}",0.0102694458566345,0.474178403755869,1.85576784756823
"{citrus fruit,whole milk} => {yogurt}",0.0102694458566345,0.336666666666667,2.41335034013605
"{citrus fruit,rolls/buns} => {whole milk}",0.00721911540416879,0.43030303030303,1.68405503502997
"{citrus fruit,other vegetables} => {whole milk}",0.0130147432638536,0.450704225352113,1.76389815214406
"{citrus fruit,whole milk} => {other vegetables}",0.0130147432638536,0.426666666666667,2.20507969872132
"{root vegetables,shopping bags} => {other vegetables}",0.00660904931367565,0.515873015873016,2.66611198692124
"{other vegetables,shopping bags} => {root vegetables}",0.00660904931367565,0.285087719298246,2.61552026053941
"{shopping bags,soda} => {rolls/buns}",0.00630401626842908,0.256198347107438,1.39287492747466
"{rolls/buns,shopping bags} => {soda}",0.00630401626842908,0.322916666666667,1.85182823129252
"{shopping bags,soda} => {whole milk}",0.00681240467717336,0.276859504132231,1.08353092842837
"{shopping bags,whole milk} => {soda}",0.00681240467717336,0.278008298755187,1.59429248877974
"{other vegetables,shopping bags} => {whole milk}",0.00762582613116421,0.328947368421053,1.28738454772028
"{shopping bags,whole milk} => {other vegetables}",0.00762582613116421,0.311203319502075,1.60834716095791
"{sausage,tropical fruit} => {whole milk}",0.00721911540416879,0.518248175182482,2.02824146554704
"{root vegetables,sausage} => {other vegetables}",0.00681240467717336,0.45578231292517,2.3555538873458
"{other vegetables,sausage} => {root vegetables}",0.00681240467717336,0.252830188679245,2.31957547169811
"{root vegetables,sausage} => {whole milk}",0.00772750381291307,0.517006802721088,2.02338316942376
"{sausage,whole milk} => {root vegetables}",0.00772750381291307,0.258503401360544,2.37162402274343
"{sausage,soda} => {rolls/buns}",0.00965937976614133,0.397489539748954,2.16103351212325
"{rolls/buns,sausage} => {soda}",0.00965937976614133,0.315614617940199,1.80995321716727
"{rolls/buns,soda} => {sausage}",0.00965937976614133,0.251989389920424,2.68215979422876
"{sausage,soda} => {other vegetables}",0.00721911540416879,0.297071129707113,1.53530980592194
"{other vegetables,sausage} => {soda}",0.00721911540416879,0.267924528301887,1.53646515209858
"{sausage,soda} => {whole milk}",0.0067107269954245,0.276150627615063,1.08075663453806
"{sausage,yogurt} => {other vegetables}",0.00813421453990849,0.414507772020725,2.14224063994947
"{other vegetables,sausage} => {yogurt}",0.00813421453990849,0.30188679245283,2.16403542549095
"{sausage,yogurt} => {whole milk}",0.00874428063040163,0.44559585492228,1.74390578319165
"{sausage,whole milk} => {yogurt}",0.00874428063040163,0.292517006802721,2.09686935998889
"{rolls/buns,sausage} => {other vegetables}",0.00884595831215048,0.289036544850498,1.49378582165247
"{other vegetables,sausage} => {rolls/buns}",0.00884595831215048,0.328301886792453,1.78488062830502
"{rolls/buns,sausage} => {whole milk}",0.00935434672089476,0.305647840531561,1.19619837311099
"{sausage,whole milk} => {rolls/buns}",0.00935434672089476,0.312925170068027,1.70128195003817
"{other vegetables,sausage} => {whole milk}",0.0101677681748856,0.377358490566038,1.47684868870552
"{sausage,whole milk} => {other vegetables}",0.0101677681748856,0.340136054421769,1.75787603533268
"{bottled water,tropical fruit} => {yogurt}",0.00711743772241993,0.384615384615385,2.75706436420722
"{bottled water,yogurt} => {tropical fruit}",0.00711743772241993,0.309734513274336,2.95178191671812
"{bottled water,tropical fruit} => {other vegetables}",0.00620233858668022,0.335164835164835,1.73218400097013
"{bottled water,other vegetables} => {tropical fruit}",0.00620233858668022,0.25,2.38250968992248
"{bottled water,tropical fruit} => {whole milk}",0.00803253685815963,0.434065934065934,1.69878171967308
"{bottled water,root vegetables} => {other vegetables}",0.00701576004067107,0.448051948051948,2.31560215927005
"{bottled water,other vegetables} => {root vegetables}",0.00701576004067107,0.282786885245902,2.59441139588941
"{bottled water,root vegetables} => {whole milk}",0.00732079308591764,0.467532467532468,1.82975798574684
"{bottled water,soda} => {yogurt}",0.0074224707676665,0.256140350877193,1.83610812746151
"{bottled water,yogurt} => {soda}",0.0074224707676665,0.323008849557522,1.85235687195232
"{soda,yogurt} => {bottled water}",0.0074224707676665,0.271375464684015,2.4553612651033
"{bottled water,rolls/buns} => {soda}",0.00681240467717336,0.281512605042017,1.61438861258789
"{bottled water,soda} => {whole milk}",0.00752414844941535,0.259649122807018,1.01617553633387
"{bottled water,yogurt} => {rolls/buns}",0.00711743772241993,0.309734513274336,1.68393528913936
"{bottled water,rolls/buns} => {yogurt}",0.00711743772241993,0.294117647058824,2.10834333733493
"{bottled water,yogurt} => {other vegetables}",0.00813421453990849,0.353982300884956,1.82943559075331
"{bottled water,other vegetables} => {yogurt}",0.00813421453990849,0.327868852459016,2.3502843760455
"{bottled water,yogurt} => {whole milk}",0.00965937976614133,0.420353982300885,1.645117953016
"{bottled water,whole milk} => {yogurt}",0.00965937976614133,0.281065088757396,2.01477780461297
"{bottled water,rolls/buns} => {other vegetables}",0.00732079308591764,0.302521008403361,1.56347562671942
"{bottled water,other vegetables} => {rolls/buns}",0.00732079308591764,0.295081967213115,1.60427371340021
"{bottled water,rolls/buns} => {whole milk}",0.00874428063040163,0.361344537815126,1.41417569813441
"{bottled water,whole milk} => {rolls/buns}",0.00874428063040163,0.254437869822485,1.38330373117974
"{bottled water,other vegetables} => {whole milk}",0.0107778342653787,0.434426229508197,1.70019178957943
"{bottled water,whole milk} => {other vegetables}",0.0107778342653787,0.313609467455621,1.62078250784342
"{root vegetables,tropical fruit} => {yogurt}",0.00813421453990849,0.386473429951691,2.77038351572513
"{tropical fruit,yogurt} => {root vegetables}",0.00813421453990849,0.277777777777778,2.54845563847429
"{root vegetables,yogurt} => {tropical fruit}",0.00813421453990849,0.31496062992126,3.00158701092596
"{root vegetables,tropical fruit} => {other vegetables}",0.0123029994916116,0.584541062801932,3.0209991343442
"{other vegetables,tropical fruit} => {root vegetables}",0.0123029994916116,0.342776203966006,3.14477981903514
"{other vegetables,root vegetables} => {tropical fruit}",0.0123029994916116,0.259656652360515,2.47453796120704
"{root vegetables,tropical fruit} => {whole milk}",0.011997966446365,0.570048309178744,2.23096900945999
"{tropical fruit,whole milk} => {root vegetables}",0.011997966446365,0.283653846153846,2.60236527698048
"{soda,tropical fruit} => {yogurt}",0.00660904931367565,0.317073170731707,2.27289696366351
"{soda,tropical fruit} => {other vegetables}",0.00721911540416879,0.346341463414634,1.78994655422119
"{soda,tropical fruit} => {whole milk}",0.00782918149466192,0.375609756097561,1.47000475575786
"{tropical fruit,yogurt} => {rolls/buns}",0.00874428063040163,0.298611111111111,1.623460628954
"{rolls/buns,tropical fruit} => {yogurt}",0.00874428063040163,0.355371900826446,2.54743632990386
"{rolls/buns,yogurt} => {tropical fruit}",0.00874428063040163,0.254437869822485,2.42480276134122
"{tropical fruit,yogurt} => {other vegetables}",0.0123029994916116,0.420138888888889,2.17134312780989
"{other vegetables,tropical fruit} => {yogurt}",0.0123029994916116,0.342776203966006,2.45714574781754
"{other vegetables,yogurt} => {tropical fruit}",0.0123029994916116,0.283372365339578,2.7005496251112
"{tropical fruit,yogurt} => {whole milk}",0.0151499745805796,0.517361111111111,2.02476980810894
"{tropical fruit,whole milk} => {yogurt}",0.0151499745805796,0.358173076923077,2.56751618916797
"{whole milk,yogurt} => {tropical fruit}",0.0151499745805796,0.270417422867514,2.57708852122286
"{rolls/buns,tropical fruit} => {other vegetables}",0.00782918149466192,0.318181818181818,1.64441312759757
"{rolls/buns,tropical fruit} => {whole milk}",0.0109811896288765,0.446280991735537,1.7465871682129
"{tropical fruit,whole milk} => {rolls/buns}",0.0109811896288765,0.259615384615385,1.41145235361653
"{other vegetables,tropical fruit} => {whole milk}",0.0170818505338078,0.475920679886686,1.86258650484901
"{tropical fruit,whole milk} => {other vegetables}",0.0170818505338078,0.403846153846154,2.08713973887384
"{root vegetables,soda} => {other vegetables}",0.00823589222165735,0.442622950819672,2.28754425712637
"{other vegetables,soda} => {root vegetables}",0.00823589222165735,0.251552795031056,2.30785609993511
"{root vegetables,soda} => {whole milk}",0.00813421453990849,0.437158469945355,1.71088481970257
"{root vegetables,yogurt} => {rolls/buns}",0.00721911540416879,0.279527559055118,1.51970897916367
"{rolls/buns,root vegetables} => {yogurt}",0.00721911540416879,0.297071129707113,2.12951498591068
"{root vegetables,yogurt} => {other vegetables}",0.0129130655821047,0.5,2.58407777193904
"{other vegetables,root vegetables} => {yogurt}",0.0129130655821047,0.272532188841202,1.95361084347902
"{other vegetables,yogurt} => {root vegetables}",0.0129130655821047,0.297423887587822,2.72869770002447
"{root vegetables,yogurt} => {whole milk}",0.0145399084900864,0.562992125984252,2.20335358498015
"{root vegetables,whole milk} => {yogurt}",0.0145399084900864,0.297297297297297,2.1311362382791
"{whole milk,yogurt} => {root vegetables}",0.0145399084900864,0.259528130671506,2.38102534062898
"{rolls/buns,root vegetables} => {other vegetables}",0.0122013218098627,0.502092050209205,2.59488981282582
"{other vegetables,root vegetables} => {rolls/buns}",0.0122013218098627,0.257510729613734,1.40000996448373
"{other vegetables,rolls/buns} => {root vegetables}",0.0122013218098627,0.286396181384248,2.6275246678303
"{rolls/buns,root vegetables} => {whole milk}",0.012709710218607,0.523012552301255,2.04688756541299
"{root vegetables,whole milk} => {rolls/buns}",0.012709710218607,0.25987525987526,1.41286521883537
"{other vegetables,root vegetables} => {whole milk}",0.0231825114387392,0.489270386266094,1.91483257020575
"{root vegetables,whole milk} => {other vegetables}",0.0231825114387392,0.474012474012474,2.44977019543494
"{other vegetables,whole milk} => {root vegetables}",0.0231825114387392,0.309782608695652,2.84208204899416
"{soda,yogurt} => {rolls/buns}",0.00864260294865277,0.315985130111524,1.71791805121439
"{rolls/buns,yogurt} => {soda}",0.00864260294865277,0.251479289940828,1.44215674435455
"{soda,yogurt} => {other vegetables}",0.0083375699034062,0.304832713754647,1.57542287954648
"{other vegetables,soda} => {yogurt}",0.0083375699034062,0.254658385093168,1.82548485232602
"{soda,yogurt} => {whole milk}",0.0104728012201322,0.382899628252788,1.49853475681105
"{soda,whole milk} => {yogurt}",0.0104728012201322,0.261421319796954,1.87396405262613
"{rolls/buns,soda} => {other vegetables}",0.00986273512963904,0.257294429708223,1.3297376333055
"{other vegetables,soda} => {rolls/buns}",0.00986273512963904,0.301242236024845,1.63776527988079
"{other vegetables,soda} => {whole milk}",0.0139298423995933,0.425465838509317,1.66512396408242
"{soda,whole milk} => {other vegetables}",0.0139298423995933,0.347715736040609,1.79704900891192
"{rolls/buns,yogurt} => {other vegetables}",0.0114895780376207,0.334319526627219,1.72781531496516
"{other vegetables,yogurt} => {rolls/buns}",0.0114895780376207,0.26463700234192,1.4387534096367
"{other vegetables,rolls/buns} => {yogurt}",0.0114895780376207,0.269689737470167,1.93323510788564
"{rolls/buns,yogurt} => {whole milk}",0.015556685307575,0.452662721893491,1.77156302022383
"{whole milk,yogurt} => {rolls/buns}",0.015556685307575,0.277676950998185,1.50964776841744
"{rolls/buns,whole milk} => {yogurt}",0.015556685307575,0.274685816876122,1.969048840362
"{other vegetables,yogurt} => {whole milk}",0.0222674123029995,0.51288056206089,2.00723451168677
"{whole milk,yogurt} => {other vegetables}",0.0222674123029995,0.397459165154265,2.05413078785717
"{other vegetables,whole milk} => {yogurt}",0.0222674123029995,0.297554347826087,2.13297887089618
"{other vegetables,rolls/buns} => {whole milk}",0.0178952719877987,0.420047732696897,1.64391939955192
"{rolls/buns,whole milk} => {other vegetables}",0.0178952719877987,0.315978456014363,1.63302580919667
"{other vegetables,root vegetables,tropical fruit} => {whole milk}",0.00701576004067107,0.570247933884298,2.23175027049426
"{root vegetables,tropical fruit,whole milk} => {other vegetables}",0.00701576004067107,0.584745762711864,3.02205705531854
"{other vegetables,tropical fruit,whole milk} => {root vegetables}",0.00701576004067107,0.410714285714286,3.76807369402985
"{other vegetables,root vegetables,whole milk} => {tropical fruit}",0.00701576004067107,0.302631578947368,2.88409067727458
"{other vegetables,tropical fruit,yogurt} => {whole milk}",0.00762582613116421,0.619834710743802,2.4258155114068
"{tropical fruit,whole milk,yogurt} => {other vegetables}",0.00762582613116421,0.503355704697987,2.60142057577756
"{other vegetables,tropical fruit,whole milk} => {yogurt}",0.00762582613116421,0.446428571428571,3.2001639941691
"{other vegetables,whole milk,yogurt} => {tropical fruit}",0.00762582613116421,0.342465753424658,3.2637119040034
"{other vegetables,root vegetables,yogurt} => {whole milk}",0.00782918149466192,0.606299212598425,2.37284232228632
"{root vegetables,whole milk,yogurt} => {other vegetables}",0.00782918149466192,0.538461538461538,2.78285298516512
"{other vegetables,root vegetables,whole milk} => {yogurt}",0.00782918149466192,0.337719298245614,2.42089598997494
"{other vegetables,whole milk,yogurt} => {root vegetables}",0.00782918149466192,0.351598173515982,3.22571645198664
"{other vegetables,rolls/buns,root vegetables} => {whole milk}",0.00620233858668022,0.508333333333333,1.9894382544104
"{rolls/buns,root vegetables,whole milk} => {other vegetables}",0.00620233858668022,0.488,2.52205990541251
"{other vegetables,root vegetables,whole milk} => {rolls/buns}",0.00620233858668022,0.267543859649123,1.45455713634556
"{other vegetables,rolls/buns,whole milk} => {root vegetables}",0.00620233858668022,0.346590909090909,3.17977760345997
