ID,Class
6284,A
6285,A
6286,A
6287,A
6288,A
6289,A
6290,A
6291,A
6292,A
6293,A
6294,A
6295,A
6296,A
6297,A
6298,A
6299,A
6300,A
6301,A
6302,A
6303,A
6304,A
6305,A
6306,A
6307,A
6308,A
6309,A
6310,A
6311,A
6312,A
6313,A
6314,A
6315,A
6316,A
6317,A
6318,A
6319,A
6320,A
6321,A
6322,A
6323,A
6324,A
6325,A
6326,A
6327,A
6328,A
6329,A
6330,A
6331,A
6332,A
6333,A
6334,A
6335,A
6336,A
6337,A
6338,A
6339,A
6340,A
6341,A
6342,A
6343,A
6344,A
6345,A
6346,A
6347,A
6348,A
6349,A
6350,A
6351,A
6352,A
6353,A
6354,A
6355,A
6356,A
6357,A
6358,A
6359,A
6360,A
6361,A
6362,A
6363,A
6364,A
6365,A
6366,A
6367,A
6368,A
6369,A
6370,A
6371,A
6372,A
6373,A
6374,A
6375,A
6376,A
6377,A
6378,A
6379,A
6380,A
6381,A
6382,A
6383,A
6384,A
6385,A
6386,A
6387,A
6388,A
6389,A
6390,A
6391,A
6392,A
6393,A
6394,A
6395,A
6396,A
6397,A
6398,A
6399,A
6400,A
6401,A
6402,A
6403,A
6404,A
6405,A
6406,A
6407,A
6408,A
6409,A
6410,A
6411,A
6412,A
6413,A
6414,A
6415,A
6416,A
6417,A
6418,A
6419,A
6420,A
6421,A
6422,A
6423,A
6424,A
6425,A
6426,A
6427,A
6428,A
6429,A
6430,A
6431,A
6432,A
6433,A
6434,A
6435,A
6436,A
6437,A
6438,A
6439,A
6440,A
6441,A
6442,A
6443,A
6444,A
6445,A
6446,A
6447,A
6448,A
6449,A
6450,A
6451,A
6452,A
6453,A
6454,A
6455,A
6456,A
6457,A
6458,A
6459,A
6460,A
6461,A
6462,A
6463,A
6464,A
6465,A
6466,A
6467,A
6468,A
6469,A
6470,A
6471,A
6472,A
6473,A
6474,A
6475,A
6476,A
6477,A
6478,A
6479,A
6480,A
6481,A
6482,A
6483,A
6484,A
6485,A
6486,A
6487,A
6488,A
6489,A
6490,A
6491,A
6492,A
6493,A
6494,A
6495,A
6496,A
6497,A
6498,A
6499,A
6500,A
6501,A
6502,A
6503,A
6504,A
6505,A
6506,A
6507,A
6508,A
6509,A
6510,A
6511,A
6512,A
6513,A
6514,A
6515,A
6516,A
6517,A
6518,A
6519,A
6520,A
6521,A
6522,A
6523,A
6524,A
6525,A
6526,A
6527,A
6528,A
6529,A
6530,A
6531,A
6532,A
6533,A
6534,A
6535,A
6536,A
6537,A
6538,A
6539,A
6540,A
6541,A
6542,A
6543,A
6544,A
6545,A
6546,A
6547,A
6548,A
6549,A
6550,A
6551,A
6552,A
6553,A
6554,A
6555,A
6556,A
6557,A
6558,A
6559,A
6560,A
6561,A
6562,A
6563,A
6564,A
6565,A
6566,A
6567,A
6568,A
6569,A
6570,A
6571,A
6572,A
6573,A
6574,A
6575,A
6576,A
6577,A
6578,A
6579,A
6580,A
6581,A
6582,A
6583,A
6584,A
6585,A
6586,A
6587,A
6588,A
6589,A
6590,A
6591,A
6592,A
6593,A
6594,A
6595,A
6596,A
6597,A
6598,A
6599,A
6600,A
6601,A
6602,A
6603,A
6604,A
6605,A
6606,A
6607,A
6608,A
6609,A
6610,A
6611,A
6612,A
6613,A
6614,A
6615,A
6616,A
6617,A
6618,A
6619,A
6620,A
6621,A
6622,A
6623,A
6624,A
6625,A
6626,A
6627,A
6628,A
6629,A
6630,A
6631,A
6632,A
6633,A
6634,A
6635,A
6636,A
6637,A
6638,A
6639,A
6640,A
6641,A
6642,A
6643,A
6644,A
6645,A
6646,A
6647,A
6648,A
6649,A
6650,A
6651,A
6652,A
6653,A
6654,A
6655,A
6656,A
6657,A
6658,A
6659,A
6660,A
6661,A
6662,A
6663,A
6664,A
6665,A
6666,A
6667,A
6668,A
6669,A
6670,A
6671,A
6672,A
6673,A
6674,A
6675,A
6676,A
6677,A
6678,A
6679,A
6680,A
6681,A
6682,A
6683,A
6684,A
6685,A
6686,A
6687,A
6688,A
6689,A
6690,A
6691,A
6692,A
6693,A
6694,A
6695,A
6696,A
6697,A
6698,A
6699,A
6700,A
6701,A
6702,A
6703,A
6704,A
6705,A
6706,A
6707,A
6708,A
6709,A
6710,A
6711,A
6712,A
6713,A
6714,A
6715,A
6716,A
6717,A
6718,A
6719,A
6720,A
6721,A
6722,A
6723,A
6724,A
6725,A
6726,A
6727,A
6728,A
6729,A
6730,A
6731,A
6732,A
6733,A
6734,A
6735,A
6736,A
6737,A
6738,A
6739,A
6740,A
6741,A
6742,A
6743,A
6744,A
6745,A
6746,A
6747,A
6748,A
6749,A
6750,A
6751,A
6752,A
6753,A
6754,A
6755,A
6756,A
6757,A
6758,A
6759,A
6760,A
6761,A
6762,A
6763,A
6764,A
6765,A
6766,A
6767,A
6768,A
6769,A
6770,A
6771,A
6772,A
6773,A
6774,A
6775,A
6776,A
6777,A
6778,A
6779,A
6780,A
6781,A
6782,A
6783,A
6784,A
6785,A
6786,A
6787,A
6788,A
6789,A
6790,A
6791,A
6792,A
6793,A
6794,A
6795,A
6796,A
6797,A
6798,A
6799,A
6800,A
6801,A
6802,A
6803,A
6804,A
6805,A
6806,A
6807,A
6808,A
6809,A
6810,A
6811,A
6812,A
6813,A
6814,A
6815,A
6816,A
6817,A
6818,A
6819,A
6820,A
6821,A
6822,A
6823,A
6824,A
6825,A
6826,A
6827,A
6828,A
6829,A
6830,A
6831,A
6832,A
6833,A
6834,A
6835,A
6836,A
6837,A
6838,A
6839,A
6840,A
6841,A
6842,A
6843,A
6844,A
6845,A
6846,A
6847,A
6848,A
6849,A
6850,A
6851,A
6852,A
6853,A
6854,A
6855,A
6856,A
6857,A
6858,A
6859,A
6860,A
6861,A
6862,A
6863,A
6864,A
6865,A
6866,A
6867,A
6868,A
6869,A
6870,A
6871,A
6872,A
6873,A
6874,A
6875,A
6876,A
6877,A
6878,A
6879,A
6880,A
6881,A
6882,A
6883,A
6884,A
6885,A
6886,A
6887,A
6888,A
6889,A
6890,A
6891,A
6892,A
6893,A
6894,A
6895,A
6896,A
6897,A
6898,A
6899,A
6900,A
6901,A
6902,A
6903,A
6904,A
6905,A
6906,A
6907,A
6908,A
6909,A
6910,A
6911,A
6912,A
6913,A
6914,A
6915,A
6916,A
6917,A
6918,A
6919,A
6920,A
6921,A
6922,A
6923,A
6924,A
6925,A
6926,A
6927,A
6928,A
6929,A
6930,A
6931,A
6932,A
6933,A
6934,A
6935,A
6936,A
6937,A
6938,A
6939,A
6940,A
6941,A
6942,A
6943,A
6944,A
6945,A
6946,A
6947,A
6948,A
6949,A
6950,A
6951,A
6952,A
6953,A
6954,A
6955,A
6956,A
6957,A
6958,A
6959,A
6960,A
6961,A
6962,A
6963,A
6964,A
6965,A
6966,A
6967,A
6968,A
6969,A
6970,A
6971,A
6972,A
6973,A
6974,A
6975,A
6976,A
6977,A
6978,A
6979,A
6980,A
6981,A
6982,A
6983,A
6984,A
6985,A
6986,A
6987,A
6988,A
6989,A
6990,A
6991,A
6992,A
6993,A
6994,A
6995,A
6996,A
6997,A
6998,A
6999,A
7000,A
7001,A
7002,A
7003,A
7004,A
7005,A
7006,A
7007,A
7008,A
7009,A
7010,A
7011,A
7012,A
7013,A
7014,A
7015,A
7016,A
7017,A
7018,A
7019,A
7020,A
7021,A
7022,A
7023,A
7024,A
7025,A
7026,A
7027,A
7028,A
7029,A
7030,A
7031,A
7032,A
7033,A
7034,A
7035,A
7036,A
7037,A
7038,A
7039,A
7040,A
7041,A
7042,A
7043,A
7044,A
7045,A
7046,A
7047,A
7048,A
7049,A
7050,A
7051,A
7052,A
7053,A
7054,A
7055,A
7056,A
7057,A
7058,A
7059,A
7060,A
7061,A
7062,A
7063,A
7064,A
7065,A
7066,A
7067,A
7068,A
7069,A
7070,A
7071,A
7072,A
7073,A
7074,A
7075,A
7076,A
7077,A
7078,A
7079,A
7080,A
7081,A
7082,A
7083,A
7084,A
7085,A
7086,A
7087,A
7088,A
7089,A
7090,A
7091,A
7092,A
7093,A
7094,A
7095,A
7096,A
7097,A
7098,A
7099,A
7100,A
7101,A
7102,A
7103,A
7104,A
7105,A
7106,A
7107,A
7108,A
7109,A
7110,A
7111,A
7112,A
7113,A
7114,A
7115,A
7116,A
7117,A
7118,A
7119,A
7120,A
7121,A
7122,A
7123,A
7124,A
7125,A
7126,A
7127,A
7128,A
7129,A
7130,A
7131,A
7132,A
7133,A
7134,A
7135,A
7136,A
7137,A
7138,A
7139,A
7140,A
7141,A
7142,A
7143,A
7144,A
7145,A
7146,A
7147,A
7148,A
7149,A
7150,A
7151,A
7152,A
7153,A
7154,A
7155,A
7156,A
7157,A
7158,A
7159,A
7160,A
7161,A
7162,A
7163,A
7164,A
7165,A
7166,A
7167,A
7168,A
7169,A
7170,A
7171,A
7172,A
7173,A
7174,A
7175,A
7176,A
7177,A
7178,A
7179,A
7180,A
7181,A
7182,A
7183,A
7184,A
7185,A
7186,A
7187,A
7188,A
7189,A
7190,A
7191,A
7192,A
7193,A
7194,A
7195,A
7196,A
7197,A
7198,A
7199,A
7200,A
7201,A
7202,A
7203,A
7204,A
7205,A
7206,A
7207,A
7208,A
7209,A
7210,A
7211,A
7212,A
7213,A
7214,A
7215,A
7216,A
7217,A
7218,A
7219,A
7220,A
7221,A
7222,A
7223,A
7224,A
7225,A
7226,A
7227,A
7228,A
7229,A
7230,A
7231,A
7232,A
7233,A
7234,A
7235,A
7236,A
7237,A
7238,A
7239,A
7240,A
7241,A
7242,A
7243,A
7244,A
7245,A
7246,A
7247,A
7248,A
7249,A
7250,A
7251,A
7252,A
7253,A
7254,A
7255,A
7256,A
7257,A
7258,A
7259,A
7260,A
7261,A
7262,A
7263,A
7264,A
7265,A
7266,A
7267,A
7268,A
7269,A
7270,A
7271,A
7272,A
7273,A
7274,A
7275,A
7276,A
7277,A
7278,A
7279,A
7280,A
7281,A
7282,A
7283,A
7284,A
7285,A
7286,A
7287,A
7288,A
7289,A
7290,A
7291,A
7292,A
7293,A
7294,A
7295,A
7296,A
7297,A
7298,A
7299,A
7300,A
7301,A
7302,A
7303,A
7304,A
7305,A
7306,A
7307,A
7308,A
7309,A
7310,A
7311,A
7312,A
7313,A
7314,A
7315,A
7316,A
7317,A
7318,A
7319,A
7320,A
7321,A
7322,A
7323,A
7324,A
7325,A
7326,A
7327,A
7328,A
7329,A
7330,A
7331,A
7332,A
7333,A
7334,A
7335,A
7336,A
7337,A
7338,A
7339,A
7340,A
7341,A
7342,A
7343,A
7344,A
7345,A
7346,A
7347,A
7348,A
7349,A
7350,A
7351,A
7352,A
7353,A
7354,A
7355,A
7356,A
7357,A
7358,A
7359,A
7360,A
7361,A
7362,A
7363,A
7364,A
7365,A
7366,A
7367,A
7368,A
7369,A
7370,A
7371,A
7372,A
7373,A
7374,A
7375,A
7376,A
7377,A
7378,A
7379,A
7380,A
7381,A
7382,A
7383,A
7384,A
7385,A
7386,A
7387,A
7388,A
7389,A
7390,A
7391,A
7392,A
7393,A
7394,A
7395,A
7396,A
7397,A
7398,A
7399,A
7400,A
7401,A
7402,A
7403,A
7404,A
7405,A
7406,A
7407,A
7408,A
7409,A
7410,A
7411,A
7412,A
7413,A
7414,A
7415,A
7416,A
7417,A
7418,A
7419,A
7420,A
7421,A
7422,A
7423,A
7424,A
7425,A
7426,A
7427,A
7428,A
7429,A
7430,A
7431,A
7432,A
7433,A
7434,A
7435,A
7436,A
7437,A
7438,A
7439,A
7440,A
7441,A
7442,A
7443,A
7444,A
7445,A
7446,A
7447,A
7448,A
7449,A
7450,A
7451,A
7452,A
7453,A
7454,A
7455,A
7456,A
7457,A
7458,A
7459,A
7460,A
7461,A
7462,A
7463,A
7464,A
7465,A
7466,A
7467,A
7468,A
7469,A
7470,A
7471,A
7472,A
7473,A
7474,A
7475,A
7476,A
7477,A
7478,A
7479,A
7480,A
7481,A
7482,A
7483,A
7484,A
7485,A
7486,A
7487,A
7488,A
7489,A
7490,A
7491,A
7492,A
7493,A
7494,A
7495,A
7496,A
7497,A
7498,A
7499,A
7500,A
7501,A
7502,A
7503,A
7504,A
7505,A
7506,A
7507,A
7508,A
7509,A
7510,A
7511,A
7512,A
7513,A
7514,A
7515,A
7516,A
7517,A
7518,A
7519,A
7520,A
7521,A
7522,A
7523,A
7524,A
7525,A
7526,A
7527,A
7528,A
7529,A
7530,A
7531,A
7532,A
7533,A
7534,A
7535,A
7536,A
7537,A
7538,A
7539,A
7540,A
7541,A
7542,A
7543,A
7544,A
7545,A
7546,A
7547,A
7548,A
7549,A
7550,A
7551,A
7552,A
7553,A
7554,A
7555,A
7556,A
7557,A
7558,A
7559,A
7560,A
7561,A
7562,A
7563,A
7564,A
7565,A
7566,A
7567,A
7568,A
7569,A
7570,A
7571,A
7572,A
7573,A
7574,A
7575,A
7576,A
7577,A
7578,A
7579,A
7580,A
7581,A
7582,A
7583,A
7584,A
7585,A
7586,A
7587,A
7588,A
7589,A
7590,A
7591,A
7592,A
7593,A
7594,A
7595,A
7596,A
7597,A
7598,A
7599,A
7600,A
7601,A
7602,A
7603,A
7604,A
7605,A
7606,A
7607,A
7608,A
7609,A
7610,A
7611,A
7612,A
7613,A
7614,A
7615,A
7616,A
7617,A
7618,A
7619,A
7620,A
7621,A
7622,A
7623,A
7624,A
7625,A
7626,A
7627,A
7628,A
7629,A
7630,A
7631,A
7632,A
7633,A
7634,A
7635,A
7636,A
7637,A
7638,A
7639,A
7640,A
7641,A
7642,A
7643,A
7644,A
7645,A
7646,A
7647,A
7648,A
7649,A
7650,A
7651,A
7652,A
7653,A
7654,A
7655,A
7656,A
7657,A
7658,A
7659,A
7660,A
7661,A
7662,A
7663,A
7664,A
7665,A
7666,A
7667,A
7668,A
7669,A
7670,A
7671,A
7672,A
7673,A
7674,A
7675,A
7676,A
7677,A
7678,A
7679,A
7680,A
7681,A
7682,A
7683,A
7684,A
7685,A
7686,A
7687,A
7688,A
7689,A
7690,A
7691,A
7692,A
7693,A
7694,A
7695,A
7696,A
7697,A
7698,A
7699,A
7700,A
7701,A
7702,A
7703,A
7704,A
7705,A
7706,A
7707,A
7708,A
7709,A
7710,A
7711,A
7712,A
7713,A
7714,A
7715,A
7716,A
7717,A
7718,A
7719,A
7720,A
7721,A
7722,A
7723,A
7724,A
7725,A
7726,A
7727,A
7728,A
7729,A
7730,A
7731,A
7732,A
7733,A
7734,A
7735,A
7736,A
7737,A
7738,A
7739,A
7740,A
7741,A
7742,A
7743,A
7744,A
7745,A
7746,A
7747,A
7748,A
7749,A
7750,A
7751,A
7752,A
7753,A
7754,A
7755,A
7756,A
7757,A
7758,A
7759,A
7760,A
7761,A
7762,A
7763,A
7764,A
7765,A
7766,A
7767,A
7768,A
7769,A
7770,A
7771,A
7772,A
7773,A
7774,A
7775,A
7776,A
7777,A
7778,A
7779,A
7780,A
7781,A
7782,A
7783,A
7784,A
7785,A
7786,A
7787,A
7788,A
7789,A
7790,A
7791,A
7792,A
7793,A
7794,A
7795,A
7796,A
7797,A
7798,A
7799,A
7800,A
7801,A
7802,A
7803,A
7804,A
7805,A
7806,A
7807,A
7808,A
7809,A
7810,A
7811,A
7812,A
7813,A
7814,A
7815,A
7816,A
7817,A
7818,A
7819,A
7820,A
7821,A
7822,A
7823,A
7824,A
7825,A
7826,A
7827,A
7828,A
7829,A
7830,A
7831,A
7832,A
7833,A
7834,A
7835,A
7836,A
7837,A
7838,A
7839,A
7840,A
7841,A
7842,A
7843,A
7844,A
7845,A
7846,A
7847,A
7848,A
7849,A
7850,A
7851,A
7852,A
7853,A
7854,A
7855,A
7856,A
7857,A
7858,A
7859,A
7860,A
7861,A
7862,A
7863,A
7864,A
7865,A
7866,A
7867,A
7868,A
7869,A
7870,A
7871,A
7872,A
7873,A
7874,A
7875,A
7876,A
7877,A
7878,A
7879,A
7880,A
7881,A
7882,A
7883,A
7884,A
7885,A
7886,A
7887,A
7888,A
7889,A
7890,A
7891,A
7892,A
7893,A
7894,A
7895,A
7896,A
7897,A
7898,A
7899,A
7900,A
7901,A
7902,A
7903,A
7904,A
7905,A
7906,A
7907,A
7908,A
7909,A
7910,A
7911,A
7912,A
7913,A
7914,A
7915,A
7916,A
7917,A
7918,A
7919,A
7920,A
7921,A
7922,A
7923,A
7924,A
7925,A
7926,A
7927,A
7928,A
7929,A
7930,A
7931,A
7932,A
7933,A
7934,A
7935,A
7936,A
7937,A
7938,A
7939,A
7940,A
7941,A
7942,A
7943,A
7944,A
7945,A
7946,A
7947,A
7948,A
7949,A
7950,A
7951,A
7952,A
7953,A
7954,A
7955,A
7956,A
7957,A
7958,A
7959,A
7960,A
7961,A
7962,A
7963,A
7964,A
7965,A
7966,A
7967,A
7968,A
7969,A
7970,A
7971,A
7972,A
7973,A
7974,A
7975,A
7976,A
7977,A
7978,A
7979,A
7980,A
7981,A
7982,A
7983,A
7984,A
7985,A
7986,A
7987,A
7988,A
7989,A
7990,A
7991,A
7992,A
7993,A
7994,A
7995,A
7996,A
7997,A
7998,A
7999,A
8000,A
8001,A
8002,A
8003,A
8004,A
8005,A
8006,A
8007,A
8008,A
8009,A
8010,A
8011,A
8012,A
8013,A
8014,A
8015,A
8016,A
8017,A
8018,A
8019,A
8020,A
8021,A
8022,A
8023,A
8024,A
8025,A
8026,A
8027,A
8028,A
8029,A
8030,A
8031,A
8032,A
8033,A
8034,A
8035,A
8036,A
8037,A
8038,A
8039,A
8040,A
8041,A
8042,A
8043,A
8044,A
8045,A
8046,A
8047,A
8048,A
8049,A
8050,A
8051,A
8052,A
8053,A
8054,A
8055,A
8056,A
8057,A
8058,A
8059,A
8060,A
8061,A
8062,A
8063,A
8064,A
8065,A
8066,A
8067,A
8068,A
8069,A
8070,A
8071,A
8072,A
8073,A
8074,A
8075,A
8076,A
8077,A
8078,A
8079,A
8080,A
8081,A
8082,A
8083,A
8084,A
8085,A
8086,A
8087,A
8088,A
8089,A
8090,A
8091,A
8092,A
8093,A
8094,A
8095,A
8096,A
8097,A
8098,A
8099,A
8100,A
8101,A
8102,A
8103,A
8104,A
8105,A
8106,A
8107,A
8108,A
8109,A
8110,A
8111,A
8112,A
8113,A
8114,A
8115,A
8116,A
8117,A
8118,A
8119,A
8120,A
8121,A
8122,A
8123,A
8124,A
8125,A
8126,A
8127,A
8128,A
8129,A
8130,A
8131,A
8132,A
8133,A
8134,A
8135,A
8136,A
8137,A
8138,A
8139,A
8140,A
8141,A
8142,A
8143,A
8144,A
8145,A
8146,A
8147,A
8148,A
8149,A
8150,A
8151,A
8152,A
8153,A
8154,A
8155,A
8156,A
8157,A
8158,A
8159,A
8160,A
8161,A
8162,A
8163,A
8164,A
8165,A
8166,A
8167,A
8168,A
8169,A
8170,A
8171,A
8172,A
8173,A
8174,A
8175,A
8176,A
8177,A
8178,A
8179,A
8180,A
8181,A
8182,A
8183,A
8184,A
8185,A
8186,A
8187,A
8188,A
8189,A
8190,A
8191,A
8192,A
8193,A
8194,A
8195,A
8196,A
8197,A
8198,A
8199,A
8200,A
8201,A
8202,A
8203,A
8204,A
8205,A
8206,A
8207,A
8208,A
8209,A
8210,A
8211,A
8212,A
8213,A
8214,A
8215,A
8216,A
8217,A
8218,A
8219,A
8220,A
8221,A
8222,A
8223,A
8224,A
8225,A
8226,A
8227,A
8228,A
8229,A
8230,A
8231,A
8232,A
8233,A
8234,A
8235,A
8236,A
8237,A
8238,A
8239,A
8240,A
8241,A
8242,A
8243,A
8244,A
8245,A
8246,A
8247,A
8248,A
8249,A
8250,A
8251,A
8252,A
8253,A
8254,A
8255,A
8256,A
8257,A
8258,A
8259,A
8260,A
8261,A
8262,A
8263,A
8264,A
8265,A
8266,A
8267,A
8268,A
8269,A
8270,A
8271,A
8272,A
8273,A
8274,A
8275,A
8276,A
8277,A
8278,A
8279,A
8280,A
8281,A
8282,A
8283,A
8284,A
8285,A
8286,A
8287,A
8288,A
8289,A
8290,A
8291,A
8292,A
8293,A
8294,A
8295,A
8296,A
8297,A
8298,A
8299,A
8300,A
8301,A
8302,A
8303,A
8304,A
8305,A
8306,A
8307,A
8308,A
8309,A
8310,A
8311,A
8312,A
8313,A
8314,A
8315,A
8316,A
8317,A
8318,A
8319,A
8320,A
8321,A
8322,A
8323,A
8324,A
8325,A
8326,A
8327,A
8328,A
8329,A
8330,A
8331,A
8332,A
8333,A
8334,A
8335,A
8336,A
8337,A
8338,A
8339,A
8340,A
8341,A
8342,A
8343,A
8344,A
8345,A
8346,A
8347,A
8348,A
8349,A
8350,A
8351,A
8352,A
8353,A
8354,A
8355,A
8356,A
8357,A
8358,A
8359,A
8360,A
8361,A
8362,A
8363,A
8364,A
8365,A
8366,A
8367,A
8368,A
8369,A
8370,A
8371,A
8372,A
8373,A
8374,A
8375,A
8376,A
8377,A
8378,A
8379,A
8380,A
8381,A
8382,A
8383,A
8384,A
8385,A
8386,A
8387,A
8388,A
8389,A
8390,A
8391,A
8392,A
8393,A
8394,A
8395,A
8396,A
8397,A
8398,A
8399,A
8400,A
8401,A
8402,A
8403,A
8404,A
8405,A
8406,A
8407,A
8408,A
8409,A
8410,A
8411,A
8412,A
8413,A
8414,A
8415,A
8416,A
8417,A
8418,A
8419,A
8420,A
8421,A
8422,A
8423,A
8424,A
8425,A
8426,A
8427,A
8428,A
8429,A
8430,A
8431,A
8432,A
8433,A
8434,A
8435,A
8436,A
8437,A
8438,A
8439,A
8440,A
8441,A
8442,A
8443,A
8444,A
8445,A
8446,A
8447,A
8448,A
8449,A
8450,A
8451,A
8452,A
8453,A
8454,A
8455,A
8456,A
8457,A
8458,A
8459,A
8460,A
8461,A
8462,A
8463,A
8464,A
8465,A
8466,A
8467,A
8468,A
8469,A
8470,A
8471,A
8472,A
8473,A
8474,A
8475,A
8476,A
8477,A
8478,A
8479,A
8480,A
8481,A
8482,A
8483,A
8484,A
8485,A
8486,A
8487,A
8488,A
8489,A
8490,A
8491,A
8492,A
8493,A
8494,A
8495,A
8496,A
8497,A
8498,A
8499,A
8500,A
8501,A
8502,A
8503,A
8504,A
8505,A
8506,A
8507,A
8508,A
8509,A
8510,A
8511,A
8512,A
8513,A
8514,A
8515,A
8516,A
8517,A
8518,A
8519,A
8520,A
8521,A
8522,A
8523,A
8524,A
8525,A
8526,A
8527,A
8528,A
8529,A
8530,A
8531,A
8532,A
8533,A
8534,A
8535,A
8536,A
8537,A
8538,A
8539,A
8540,A
8541,A
8542,A
8543,A
8544,A
8545,A
8546,A
8547,A
8548,A
8549,A
8550,A
8551,A
8552,A
8553,A
8554,A
8555,A
8556,A
8557,A
8558,A
8559,A
8560,A
8561,A
8562,A
8563,A
8564,A
8565,A
8566,A
8567,A
8568,A
8569,A
8570,A
8571,A
8572,A
8573,A
8574,A
8575,A
8576,A
8577,A
8578,A
8579,A
8580,A
8581,A
8582,A
8583,A
8584,A
8585,A
8586,A
8587,A
8588,A
8589,A
8590,A
8591,A
8592,A
8593,A
8594,A
8595,A
8596,A
8597,A
8598,A
8599,A
8600,A
8601,A
8602,A
8603,A
8604,A
8605,A
8606,A
8607,A
8608,A
8609,A
8610,A
8611,A
8612,A
8613,A
8614,A
8615,A
8616,A
8617,A
8618,A
8619,A
8620,A
8621,A
8622,A
8623,A
8624,A
8625,A
8626,A
8627,A
8628,A
8629,A
8630,A
8631,A
8632,A
8633,A
8634,A
8635,A
8636,A
8637,A
8638,A
8639,A
8640,A
8641,A
8642,A
8643,A
8644,A
8645,A
8646,A
8647,A
8648,A
8649,A
8650,A
8651,A
8652,A
8653,A
8654,A
8655,A
8656,A
8657,A
8658,A
8659,A
8660,A
8661,A
8662,A
8663,A
8664,A
8665,A
8666,A
8667,A
8668,A
8669,A
8670,A
8671,A
8672,A
8673,A
8674,A
8675,A
8676,A
8677,A
8678,A
8679,A
8680,A
8681,A
8682,A
8683,A
8684,A
8685,A
8686,A
8687,A
8688,A
8689,A
8690,A
8691,A
8692,A
8693,A
8694,A
8695,A
8696,A
8697,A
8698,A
8699,A
8700,A
8701,A
8702,A
8703,A
8704,A
8705,A
8706,A
8707,A
8708,A
8709,A
8710,A
8711,A
8712,A
8713,A
8714,A
8715,A
8716,A
8717,A
8718,A
8719,A
8720,A
8721,A
8722,A
8723,A
8724,A
8725,A
8726,A
8727,A
8728,A
8729,A
8730,A
8731,A
8732,A
8733,A
8734,A
8735,A
8736,A
8737,A
8738,A
8739,A
8740,A
8741,A
8742,A
8743,A
8744,A
8745,A
8746,A
8747,A
8748,A
8749,A
8750,A
8751,A
8752,A
8753,A
8754,A
8755,A
8756,A
8757,A
8758,A
8759,A
8760,A
8761,A
8762,A
8763,A
8764,A
8765,A
8766,A
8767,A
8768,A
8769,A
8770,A
8771,A
8772,A
8773,A
8774,A
8775,A
8776,A
8777,A
8778,A
8779,A
8780,A
8781,A
8782,A
8783,A
8784,A
8785,A
8786,A
8787,A
8788,A
8789,A
8790,A
8791,A
8792,A
8793,A
8794,A
8795,A
8796,A
8797,A
8798,A
8799,A
8800,A
8801,A
8802,A
8803,A
8804,A
8805,A
8806,A
8807,A
8808,A
8809,A
8810,A
8811,A
8812,A
8813,A
8814,A
8815,A
8816,A
8817,A
8818,A
8819,A
8820,A
8821,A
8822,A
8823,A
8824,A
8825,A
8826,A
8827,A
8828,A
8829,A
8830,A
8831,A
8832,A
8833,A
8834,A
8835,A
8836,A
8837,A
8838,A
8839,A
8840,A
8841,A
8842,A
8843,A
8844,A
8845,A
8846,A
8847,A
8848,A
8849,A
8850,A
8851,A
8852,A
8853,A
8854,A
8855,A
8856,A
8857,A
8858,A
8859,A
8860,A
8861,A
8862,A
8863,A
8864,A
8865,A
8866,A
8867,A
8868,A
8869,A
8870,A
8871,A
8872,A
8873,A
8874,A
8875,A
8876,A
8877,A
8878,A
8879,A
8880,A
8881,A
8882,A
8883,A
8884,A
8885,A
8886,A
8887,A
8888,A
8889,A
8890,A
8891,A
8892,A
8893,A
8894,A
8895,A
8896,A
8897,A
8898,A
8899,A
8900,A
8901,A
8902,A
8903,A
8904,A
8905,A
8906,A
8907,A
8908,A
8909,A
8910,A
8911,A
8912,A
8913,A
8914,A
8915,A
8916,A
8917,A
8918,A
8919,A
8920,A
8921,A
8922,A
8923,A
8924,A
8925,A
8926,A
8927,A
8928,A
8929,A
8930,A
8931,A
8932,A
8933,A
8934,A
8935,A
8936,A
8937,A
8938,A
8939,A
8940,A
8941,A
8942,A
8943,A
8944,A
8945,A
8946,A
8947,A
8948,A
8949,A
8950,A
8951,A
8952,A
8953,A
8954,A
8955,A
8956,A
8957,A
8958,A
8959,A
8960,A
8961,A
8962,A
8963,A
8964,A
8965,A
8966,A
8967,A
8968,A
8969,A
8970,A
8971,A
8972,A
8973,A
8974,A
8975,A
8976,A
8977,A
8978,A
8979,A
8980,A
8981,A
8982,A
8983,A
8984,A
8985,A
8986,A
8987,A
8988,A
8989,A
8990,A
8991,A
8992,A
8993,A
8994,A
8995,A
8996,A
8997,A
8998,A
8999,A
9000,A
9001,A
9002,A
9003,A
9004,A
9005,A
9006,A
9007,A
9008,A
9009,A
9010,A
9011,A
9012,A
9013,A
9014,A
9015,A
9016,A
9017,A
9018,A
9019,A
9020,A
9021,A
9022,A
9023,A
9024,A
9025,A
9026,A
9027,A
9028,A
9029,A
9030,A
9031,A
9032,A
9033,A
9034,A
9035,A
9036,A
9037,A
9038,A
9039,A
9040,A
9041,A
9042,A
9043,A
9044,A
9045,A
9046,A
9047,A
9048,A
9049,A
9050,A
9051,A
9052,A
9053,A
9054,A
9055,A
9056,A
9057,A
9058,A
9059,A
9060,A
9061,A
9062,A
9063,A
9064,A
9065,A
9066,A
9067,A
9068,A
9069,A
9070,A
9071,A
9072,A
9073,A
9074,A
9075,A
9076,A
9077,A
9078,A
9079,A
9080,A
9081,A
9082,A
9083,A
9084,A
9085,A
9086,A
9087,A
9088,A
9089,A
9090,A
9091,A
9092,A
9093,A
9094,A
9095,A
9096,A
9097,A
9098,A
9099,A
9100,A
9101,A
9102,A
9103,A
9104,A
9105,A
9106,A
9107,A
9108,A
9109,A
9110,A
9111,A
9112,A
9113,A
9114,A
9115,A
9116,A
9117,A
9118,A
9119,A
9120,A
9121,A
9122,A
9123,A
9124,A
9125,A
9126,A
9127,A
9128,A
9129,A
9130,A
9131,A
9132,A
9133,A
9134,A
9135,A
9136,A
9137,A
9138,A
9139,A
9140,A
9141,A
9142,A
9143,A
9144,A
9145,A
9146,A
9147,A
9148,A
9149,A
9150,A
9151,A
9152,A
9153,A
9154,A
9155,A
9156,A
9157,A
9158,A
9159,A
9160,A
9161,A
9162,A
9163,A
9164,A
9165,A
9166,A
9167,A
9168,A
9169,A
9170,A
9171,A
9172,A
9173,A
9174,A
9175,A
9176,A
9177,A
9178,A
9179,A
9180,A
9181,A
9182,A
9183,A
9184,A
9185,A
9186,A
9187,A
9188,A
9189,A
9190,A
9191,A
9192,A
9193,A
9194,A
9195,A
9196,A
9197,A
9198,A
9199,A
9200,A
9201,A
9202,A
9203,A
9204,A
9205,A
9206,A
9207,A
9208,A
9209,A
9210,A
9211,A
9212,A
9213,A
9214,A
9215,A
9216,A
9217,A
9218,A
9219,A
9220,A
9221,A
9222,A
9223,A
9224,A
9225,A
9226,A
9227,A
9228,A
9229,A
9230,A
9231,A
9232,A
9233,A
9234,A
9235,A
9236,A
9237,A
9238,A
9239,A
9240,A
9241,A
9242,A
9243,A
9244,A
9245,A
9246,A
9247,A
9248,A
9249,A
9250,A
9251,A
9252,A
9253,A
9254,A
9255,A
9256,A
9257,A
9258,A
9259,A
9260,A
9261,A
9262,A
9263,A
9264,A
9265,A
9266,A
9267,A
9268,A
9269,A
9270,A
9271,A
9272,A
9273,A
9274,A
9275,A
9276,A
9277,A
9278,A
9279,A
9280,A
9281,A
9282,A
9283,A
9284,A
9285,A
9286,A
9287,A
9288,A
9289,A
9290,A
9291,A
9292,A
9293,A
9294,A
9295,A
9296,A
9297,A
9298,A
9299,A
9300,A
9301,A
9302,A
9303,A
9304,A
9305,A
9306,A
9307,A
9308,A
9309,A
9310,A
9311,A
9312,A
9313,A
9314,A
9315,A
9316,A
9317,A
9318,A
9319,A
9320,A
9321,A
9322,A
9323,A
9324,A
9325,A
9326,A
9327,A
9328,A
9329,A
9330,A
9331,A
9332,A
9333,A
9334,A
9335,A
9336,A
9337,A
9338,A
9339,A
9340,A
9341,A
9342,A
9343,A
9344,A
9345,A
9346,A
9347,A
9348,A
9349,A
9350,A
9351,A
9352,A
9353,A
9354,A
9355,A
9356,A
9357,A
9358,A
9359,A
9360,A
9361,A
9362,A
9363,A
9364,A
9365,A
9366,A
9367,A
9368,A
9369,A
9370,A
9371,A
9372,A
9373,A
9374,A
9375,A
9376,A
9377,A
9378,A
9379,A
9380,A
9381,A
9382,A
9383,A
9384,A
9385,A
9386,A
9387,A
9388,A
9389,A
9390,A
9391,A
9392,A
9393,A
9394,A
9395,A
9396,A
9397,A
9398,A
9399,A
9400,A
9401,A
9402,A
9403,A
9404,A
9405,A
9406,A
9407,A
9408,A
9409,A
9410,A
9411,A
9412,A
9413,A
9414,A
9415,A
9416,A
9417,A
9418,A
9419,A
9420,A
9421,A
9422,A
9423,A
9424,A
9425,A
9426,A
9427,A
9428,A
9429,A
9430,A
9431,A
9432,A
9433,A
9434,A
9435,A
9436,A
9437,A
9438,A
9439,A
9440,A
9441,A
9442,A
9443,A
9444,A
9445,A
9446,A
9447,A
9448,A
9449,A
9450,A
9451,A
9452,A
9453,A
9454,A
9455,A
9456,A
9457,A
9458,A
9459,A
9460,A
9461,A
9462,A
9463,A
9464,A
9465,A
9466,A
9467,A
9468,A
9469,A
9470,A
9471,A
9472,A
9473,A
9474,A
9475,A
9476,A
9477,A
9478,A
9479,A
9480,A
9481,A
9482,A
9483,A
9484,A
9485,A
9486,A
9487,A
9488,A
9489,A
9490,A
9491,A
9492,A
9493,A
9494,A
9495,A
9496,A
9497,A
9498,A
9499,A
9500,A
9501,A
9502,A
9503,A
9504,A
9505,A
9506,A
9507,A
9508,A
9509,A
9510,A
9511,A
9512,A
9513,A
9514,A
9515,A
9516,A
9517,A
9518,A
9519,A
9520,A
9521,A
9522,A
9523,A
9524,A
9525,A
9526,A
9527,A
9528,A
9529,A
9530,A
9531,A
9532,A
9533,A
9534,A
9535,A
9536,A
9537,A
9538,A
9539,A
9540,A
9541,A
9542,A
9543,A
9544,A
9545,A
9546,A
9547,A
9548,A
9549,A
9550,A
9551,A
9552,A
9553,A
9554,A
9555,A
9556,A
9557,A
9558,A
9559,A
9560,A
9561,A
9562,A
9563,A
9564,A
9565,A
9566,A
9567,A
9568,A
9569,A
9570,A
9571,A
9572,A
9573,A
9574,A
9575,A
9576,A
9577,A
9578,A
9579,A
9580,A
9581,A
9582,A
9583,A
9584,A
9585,A
9586,A
9587,A
9588,A
9589,A
9590,A
9591,A
9592,A
9593,A
9594,A
9595,A
9596,A
9597,A
9598,A
9599,A
9600,A
9601,A
9602,A
9603,A
9604,A
9605,A
9606,A
9607,A
9608,A
9609,A
9610,A
9611,A
9612,A
9613,A
9614,A
9615,A
9616,A
9617,A
9618,A
9619,A
9620,A
9621,A
9622,A
9623,A
9624,A
9625,A
9626,A
9627,A
9628,A
9629,A
9630,A
9631,A
9632,A
9633,A
9634,A
9635,A
9636,A
9637,A
9638,A
9639,A
9640,A
9641,A
9642,A
9643,A
9644,A
9645,A
9646,A
9647,A
9648,A
9649,A
9650,A
9651,A
9652,A
9653,A
9654,A
9655,A
9656,A
9657,A
9658,A
9659,A
9660,A
9661,A
9662,A
9663,A
9664,A
9665,A
9666,A
9667,A
9668,A
9669,A
9670,A
9671,A
9672,A
9673,A
9674,A
9675,A
9676,A
9677,A
9678,A
9679,A
9680,A
9681,A
9682,A
9683,A
9684,A
9685,A
9686,A
9687,A
9688,A
9689,A
9690,A
9691,A
9692,A
9693,A
9694,A
9695,A
9696,A
9697,A
9698,A
9699,A
9700,A
9701,A
9702,A
9703,A
9704,A
9705,A
9706,A
9707,A
9708,A
9709,A
9710,A
9711,A
9712,A
9713,A
9714,A
9715,A
9716,A
9717,A
9718,A
9719,A
9720,A
9721,A
9722,A
9723,A
9724,A
9725,A
9726,A
9727,A
9728,A
9729,A
9730,A
9731,A
9732,A
9733,A
9734,A
9735,A
9736,A
9737,A
9738,A
9739,A
9740,A
9741,A
9742,A
9743,A
9744,A
9745,A
9746,A
9747,A
9748,A
9749,A
9750,A
9751,A
9752,A
9753,A
9754,A
9755,A
9756,A
9757,A
9758,A
9759,A
9760,A
9761,A
9762,A
9763,A
9764,A
9765,A
9766,A
9767,A
9768,A
9769,A
9770,A
9771,A
9772,A
9773,A
9774,A
9775,A
9776,A
9777,A
9778,A
9779,A
9780,A
9781,A
9782,A
9783,A
9784,A
9785,A
9786,A
9787,A
9788,A
9789,A
9790,A
9791,A
9792,A
9793,A
9794,A
9795,A
9796,A
9797,A
9798,A
9799,A
9800,A
9801,A
9802,A
9803,A
9804,A
9805,A
9806,A
9807,A
9808,A
9809,A
9810,A
9811,A
9812,A
9813,A
9814,A
9815,A
9816,A
9817,A
9818,A
9819,A
9820,A
9821,A
9822,A
9823,A
9824,A
9825,A
9826,A
9827,A
9828,A
9829,A
9830,A
9831,A
9832,A
9833,A
9834,A
9835,A
9836,A
9837,A
9838,A
9839,A
9840,A
9841,A
9842,A
9843,A
9844,A
9845,A
9846,A
9847,A
9848,A
9849,A
9850,A
9851,A
9852,A
9853,A
9854,A
9855,A
9856,A
9857,A
9858,A
9859,A
9860,A
9861,A
9862,A
9863,A
9864,A
9865,A
9866,A
9867,A
9868,A
9869,A
9870,A
9871,A
9872,A
9873,A
9874,A
9875,A
9876,A
9877,A
9878,A
9879,A
9880,A
9881,A
9882,A
9883,A
9884,A
9885,A
9886,A
9887,A
9888,A
9889,A
9890,A
9891,A
9892,A
9893,A
9894,A
9895,A
9896,A
9897,A
9898,A
9899,A
9900,A
9901,A
9902,A
9903,A
9904,A
9905,A
9906,A
9907,A
9908,A
9909,A
9910,A
9911,A
9912,A
9913,A
9914,A
9915,A
9916,A
9917,A
9918,A
9919,A
9920,A
9921,A
9922,A
9923,A
9924,A
9925,A
9926,A
9927,A
9928,A
9929,A
9930,A
9931,A
9932,A
9933,A
9934,A
9935,A
9936,A
9937,A
9938,A
9939,A
9940,A
9941,A
9942,A
9943,A
9944,A
9945,A
9946,A
9947,A
9948,A
9949,A
9950,A
9951,A
9952,A
9953,A
9954,A
9955,A
9956,A
9957,A
9958,A
9959,A
9960,A
9961,A
9962,A
9963,A
9964,A
9965,A
9966,A
9967,A
9968,A
9969,A
9970,A
9971,A
9972,A
9973,A
9974,A
9975,A
9976,A
9977,A
9978,A
9979,A
9980,A
9981,A
9982,A
9983,A
9984,A
9985,A
9986,A
9987,A
9988,A
9989,A
9990,A
9991,A
9992,A
9993,A
9994,A
9995,A
9996,A
9997,A
9998,A
9999,A
10000,A
10001,A
10002,A
10003,A
10004,A
10005,A
10006,A
10007,A
10008,A
10009,A
10010,A
10011,A
10012,A
10013,A
10014,A
10015,A
10016,A
10017,A
10018,A
10019,A
10020,A
10021,A
10022,A
10023,A
10024,A
10025,A
10026,A
10027,A
10028,A
10029,A
10030,A
10031,A
10032,A
10033,A
10034,A
10035,A
10036,A
10037,A
10038,A
10039,A
10040,A
10041,A
10042,A
10043,A
10044,A
10045,A
10046,A
10047,A
10048,A
10049,A
10050,A
10051,A
10052,A
10053,A
10054,A
10055,A
10056,A
10057,A
10058,A
10059,A
10060,A
10061,A
10062,A
10063,A
10064,A
10065,A
10066,A
10067,A
10068,A
10069,A
10070,A
10071,A
10072,A
10073,A
10074,A
10075,A
10076,A
10077,A
10078,A
10079,A
10080,A
10081,A
10082,A
10083,A
10084,A
10085,A
10086,A
10087,A
10088,A
10089,A
10090,A
10091,A
10092,A
10093,A
10094,A
10095,A
10096,A
10097,A
10098,A
10099,A
10100,A
10101,A
10102,A
10103,A
10104,A
10105,A
10106,A
10107,A
10108,A
10109,A
10110,A
10111,A
10112,A
10113,A
10114,A
10115,A
10116,A
10117,A
10118,A
10119,A
10120,A
10121,A
10122,A
10123,A
10124,A
10125,A
10126,A
10127,A
10128,A
10129,A
10130,A
10131,A
10132,A
10133,A
10134,A
10135,A
10136,A
10137,A
10138,A
10139,A
10140,A
10141,A
10142,A
10143,A
10144,A
10145,A
10146,A
10147,A
10148,A
10149,A
10150,A
10151,A
10152,A
10153,A
10154,A
10155,A
10156,A
10157,A
10158,A
10159,A
10160,A
10161,A
10162,A
10163,A
10164,A
10165,A
10166,A
10167,A
10168,A
10169,A
10170,A
10171,A
10172,A
10173,A
10174,A
10175,A
10176,A
10177,A
10178,A
10179,A
10180,A
10181,A
10182,A
10183,A
10184,A
10185,A
10186,A
10187,A
10188,A
10189,A
10190,A
10191,A
10192,A
10193,A
10194,A
10195,A
10196,A
10197,A
10198,A
10199,A
10200,A
10201,A
10202,A
10203,A
10204,A
10205,A
10206,A
10207,A
10208,A
10209,A
10210,A
10211,A
10212,A
10213,A
10214,A
10215,A
10216,A
10217,A
10218,A
10219,A
10220,A
10221,A
10222,A
10223,A
10224,A
10225,A
10226,A
10227,A
10228,A
10229,A
10230,A
10231,A
10232,A
10233,A
10234,A
10235,A
10236,A
10237,A
10238,A
10239,A
10240,A
10241,A
10242,A
10243,A
10244,A
10245,A
10246,A
10247,A
10248,A
10249,A
10250,A
10251,A
10252,A
10253,A
10254,A
10255,A
10256,A
10257,A
10258,A
10259,A
10260,A
10261,A
10262,A
10263,A
10264,A
10265,A
10266,A
10267,A
10268,A
10269,A
10270,A
10271,A
10272,A
10273,A
10274,A
10275,A
10276,A
10277,A
10278,A
10279,A
10280,A
10281,A
10282,A
10283,A
10284,A
10285,A
10286,A
10287,A
10288,A
10289,A
10290,A
10291,A
10292,A
10293,A
10294,A
10295,A
10296,A
10297,A
10298,A
10299,A
10300,A
10301,A
10302,A
10303,A
10304,A
10305,A
10306,A
10307,A
10308,A
10309,A
10310,A
10311,A
10312,A
10313,A
10314,A
10315,A
10316,A
10317,A
10318,A
10319,A
10320,A
10321,A
10322,A
10323,A
10324,A
10325,A
10326,A
10327,A
10328,A
10329,A
10330,A
10331,A
10332,A
10333,A
10334,A
10335,A
10336,A
10337,A
10338,A
10339,A
10340,A
10341,A
10342,A
10343,A
10344,A
10345,A
10346,A
10347,A
10348,A
10349,A
10350,A
10351,A
10352,A
10353,A
10354,A
10355,A
10356,A
10357,A
10358,A
10359,A
10360,A
10361,A
10362,A
10363,A
10364,A
10365,A
10366,A
10367,A
10368,A
10369,A
10370,A
10371,A
10372,A
10373,A
10374,A
10375,A
10376,A
10377,A
10378,A
10379,A
10380,A
10381,A
10382,A
10383,A
10384,A
10385,A
10386,A
10387,A
10388,A
10389,A
10390,A
10391,A
10392,A
10393,A
10394,A
10395,A
10396,A
10397,A
10398,A
10399,A
10400,A
10401,A
10402,A
10403,A
10404,A
10405,A
10406,A
10407,A
10408,A
10409,A
10410,A
10411,A
10412,A
10413,A
10414,A
10415,A
10416,A
10417,A
10418,A
10419,A
10420,A
10421,A
10422,A
10423,A
10424,A
10425,A
10426,A
10427,A
10428,A
10429,A
10430,A
10431,A
10432,A
10433,A
10434,A
10435,A
10436,A
10437,A
10438,A
10439,A
10440,A
10441,A
10442,A
10443,A
10444,A
10445,A
10446,A
10447,A
10448,A
10449,A
10450,A
10451,A
10452,A
10453,A
10454,A
10455,A
10456,A
10457,A
10458,A
10459,A
10460,A
10461,A
10462,A
10463,A
10464,A
10465,A
10466,A
10467,A
10468,A
10469,A
10470,A
10471,A
10472,A
10473,A
10474,A
10475,A
10476,A
10477,A
10478,A
10479,A
10480,A
10481,A
10482,A
10483,A
10484,A
10485,A
10486,A
10487,A
10488,A
10489,A
10490,A
10491,A
10492,A
10493,A
10494,A
10495,A
10496,A
10497,A
10498,A
10499,A
10500,A
10501,A
10502,A
10503,A
10504,A
10505,A
10506,A
10507,A
10508,A
10509,A
10510,A
10511,A
10512,A
10513,A
10514,A
10515,A
10516,A
10517,A
10518,A
10519,A
10520,A
10521,A
10522,A
10523,A
10524,A
10525,A
10526,A
10527,A
10528,A
10529,A
10530,A
10531,A
10532,A
10533,A
10534,A
10535,A
10536,A
10537,A
10538,A
10539,A
10540,A
10541,A
10542,A
10543,A
10544,A
10545,A
10546,A
10547,A
10548,A
10549,A
10550,A
10551,A
10552,A
10553,A
10554,A
10555,A
10556,A
10557,A
10558,A
10559,A
10560,A
10561,A
10562,A
10563,A
10564,A
10565,A
10566,A
10567,A
10568,A
10569,A
10570,A
10571,A
10572,A
10573,A
10574,A
10575,A
10576,A
10577,A
10578,A
10579,A
10580,A
10581,A
10582,A
10583,A
10584,A
10585,A
10586,A
10587,A
10588,A
10589,A
10590,A
10591,A
10592,A
10593,A
10594,A
10595,A
10596,A
10597,A
10598,A
10599,A
10600,A
10601,A
10602,A
10603,A
10604,A
10605,A
10606,A
10607,A
10608,A
10609,A
10610,A
10611,A
10612,A
10613,A
10614,A
10615,A
10616,A
10617,A
10618,A
10619,A
10620,A
10621,A
10622,A
10623,A
10624,A
10625,A
10626,A
10627,A
10628,A
10629,A
10630,A
10631,A
10632,A
10633,A
10634,A
10635,A
10636,A
10637,A
10638,A
10639,A
10640,A
10641,A
10642,A
10643,A
10644,A
10645,A
10646,A
10647,A
10648,A
10649,A
10650,A
10651,A
10652,A
10653,A
10654,A
10655,A
10656,A
10657,A
10658,A
10659,A
10660,A
10661,A
10662,A
10663,A
10664,A
10665,A
10666,A
10667,A
10668,A
10669,A
10670,A
10671,A
10672,A
10673,A
10674,A
10675,A
10676,A
10677,A
10678,A
10679,A
10680,A
10681,A
10682,A
10683,A
10684,A
10685,A
10686,A
10687,A
10688,A
10689,A
10690,A
10691,A
10692,A
10693,A
10694,A
10695,A
10696,A
10697,A
10698,A
10699,A
10700,A
10701,A
10702,A
10703,A
10704,A
10705,A
10706,A
10707,A
10708,A
10709,A
10710,A
10711,A
10712,A
10713,A
10714,A
10715,A
10716,A
10717,A
10718,A
10719,A
10720,A
10721,A
10722,A
10723,A
10724,A
10725,A
10726,A
10727,A
10728,A
10729,A
10730,A
10731,A
10732,A
10733,A
10734,A
10735,A
10736,A
10737,A
10738,A
10739,A
10740,A
10741,A
10742,A
10743,A
10744,A
10745,A
10746,A
10747,A
10748,A
10749,A
10750,A
10751,A
10752,A
10753,A
10754,A
10755,A
10756,A
10757,A
10758,A
10759,A
10760,A
10761,A
10762,A
10763,A
10764,A
10765,A
10766,A
10767,A
10768,A
10769,A
10770,A
10771,A
10772,A
10773,A
10774,A
10775,A
10776,A
10777,A
10778,A
10779,A
10780,A
10781,A
10782,A
10783,A
10784,A
10785,A
10786,A
10787,A
10788,A
10789,A
10790,A
10791,A
10792,A
10793,A
10794,A
10795,A
10796,A
10797,A
10798,A
10799,A
10800,A
10801,A
10802,A
10803,A
10804,A
10805,A
10806,A
10807,A
10808,A
10809,A
10810,A
10811,A
10812,A
10813,A
10814,A
10815,A
10816,A
10817,A
10818,A
10819,A
10820,A
10821,A
10822,A
10823,A
10824,A
10825,A
10826,A
10827,A
10828,A
10829,A
10830,A
10831,A
10832,A
10833,A
10834,A
10835,A
10836,A
10837,A
10838,A
10839,A
10840,A
10841,A
10842,A
10843,A
10844,A
10845,A
10846,A
10847,A
10848,A
10849,A
10850,A
10851,A
10852,A
10853,A
10854,A
10855,A
10856,A
10857,A
10858,A
10859,A
10860,A
10861,A
10862,A
10863,A
10864,A
10865,A
10866,A
10867,A
10868,A
10869,A
10870,A
10871,A
10872,A
10873,A
10874,A
10875,A
10876,A
10877,A
10878,A
10879,A
10880,A
10881,A
10882,A
10883,A
10884,A
10885,A
10886,A
10887,A
10888,A
10889,A
10890,A
10891,A
10892,A
10893,A
10894,A
10895,A
10896,A
10897,A
10898,A
10899,A
10900,A
10901,A
10902,A
10903,A
10904,A
10905,A
10906,A
10907,A
10908,A
10909,A
10910,A
10911,A
10912,A
10913,A
10914,A
10915,A
10916,A
10917,A
10918,A
10919,A
10920,A
10921,A
10922,A
10923,A
10924,A
10925,A
10926,A
10927,A
10928,A
10929,A
10930,A
10931,A
10932,A
10933,A
10934,A
10935,A
10936,A
10937,A
10938,A
10939,A
10940,A
10941,A
10942,A
10943,A
10944,A
10945,A
10946,A
10947,A
10948,A
10949,A
10950,A
10951,A
10952,A
10953,A
10954,A
10955,A
10956,A
10957,A
10958,A
10959,A
10960,A
10961,A
10962,A
10963,A
10964,A
10965,A
10966,A
10967,A
10968,A
10969,A
10970,A
10971,A
10972,A
10973,A
10974,A
10975,A
10976,A
10977,A
10978,A
10979,A
10980,A
10981,A
10982,A
10983,A
10984,A
10985,A
10986,A
10987,A
10988,A
10989,A
10990,A
10991,A
10992,A
10993,A
10994,A
10995,A
10996,A
10997,A
10998,A
10999,A
11000,A
11001,A
11002,A
11003,A
11004,A
11005,A
11006,A
11007,A
11008,A
11009,A
11010,A
11011,A
11012,A
11013,A
11014,A
11015,A
11016,A
11017,A
11018,A
11019,A
11020,A
11021,A
11022,A
11023,A
11024,A
11025,A
11026,A
11027,A
11028,A
11029,A
11030,A
11031,A
11032,A
11033,A
11034,A
11035,A
11036,A
11037,A
11038,A
11039,A
11040,A
11041,A
11042,A
11043,A
11044,A
11045,A
11046,A
11047,A
11048,A
11049,A
11050,A
11051,A
11052,A
11053,A
11054,A
11055,A
11056,A
11057,A
11058,A
11059,A
11060,A
11061,A
11062,A
11063,A
11064,A
11065,A
11066,A
11067,A
11068,A
11069,A
11070,A
11071,A
11072,A
11073,A
11074,A
11075,A
11076,A
11077,A
11078,A
11079,A
11080,A
11081,A
11082,A
11083,A
11084,A
11085,A
11086,A
11087,A
11088,A
11089,A
11090,A
11091,A
11092,A
11093,A
11094,A
11095,A
11096,A
11097,A
11098,A
11099,A
11100,A
11101,A
11102,A
11103,A
11104,A
11105,A
11106,A
11107,A
11108,A
11109,A
11110,A
11111,A
11112,A
11113,A
11114,A
11115,A
11116,A
11117,A
11118,A
11119,A
11120,A
11121,A
11122,A
11123,A
11124,A
11125,A
11126,A
11127,A
11128,A
11129,A
11130,A
11131,A
11132,A
11133,A
11134,A
11135,A
11136,A
11137,A
11138,A
11139,A
11140,A
11141,A
11142,A
11143,A
11144,A
11145,A
11146,A
11147,A
11148,A
11149,A
11150,A
11151,A
11152,A
11153,A
11154,A
11155,A
11156,A
11157,A
11158,A
11159,A
11160,A
11161,A
11162,A
11163,A
11164,A
11165,A
11166,A
11167,A
11168,A
11169,A
11170,A
11171,A
11172,A
11173,A
11174,A
11175,A
11176,A
11177,A
11178,A
11179,A
11180,A
11181,A
11182,A
11183,A
11184,A
11185,A
11186,A
11187,A
11188,A
11189,A
11190,A
11191,A
11192,A
11193,A
11194,A
11195,A
11196,A
11197,A
11198,A
11199,A
11200,A
11201,A
11202,A
11203,A
11204,A
11205,A
11206,A
11207,A
11208,A
11209,A
11210,A
11211,A
11212,A
11213,A
11214,A
11215,A
11216,A
11217,A
11218,A
11219,A
11220,A
11221,A
11222,A
11223,A
11224,A
11225,A
11226,A
11227,A
11228,A
11229,A
11230,A
11231,A
11232,A
11233,A
11234,A
11235,A
11236,A
11237,A
11238,A
11239,A
11240,A
11241,A
11242,A
11243,A
11244,A
11245,A
11246,A
11247,A
11248,A
11249,A
11250,A
11251,A
11252,A
11253,A
11254,A
11255,A
11256,A
11257,A
11258,A
11259,A
11260,A
11261,A
11262,A
11263,A
11264,A
11265,A
11266,A
11267,A
11268,A
11269,A
11270,A
11271,A
11272,A
11273,A
11274,A
11275,A
11276,A
11277,A
11278,A
11279,A
11280,A
11281,A
11282,A
11283,A
11284,A
11285,A
11286,A
11287,A
11288,A
11289,A
11290,A
11291,A
11292,A
11293,A
11294,A
11295,A
11296,A
11297,A
11298,A
11299,A
11300,A
11301,A
11302,A
11303,A
11304,A
11305,A
11306,A
11307,A
11308,A
11309,A
11310,A
11311,A
11312,A
11313,A
11314,A
11315,A
11316,A
11317,A
11318,A
11319,A
11320,A
11321,A
11322,A
11323,A
11324,A
11325,A
11326,A
11327,A
11328,A
11329,A
11330,A
11331,A
11332,A
11333,A
11334,A
11335,A
11336,A
11337,A
11338,A
11339,A
11340,A
11341,A
11342,A
11343,A
11344,A
11345,A
11346,A
11347,A
11348,A
11349,A
11350,A
11351,A
11352,A
11353,A
11354,A
11355,A
11356,A
11357,A
11358,A
11359,A
11360,A
11361,A
11362,A
11363,A
11364,A
11365,A
11366,A
11367,A
11368,A
11369,A
11370,A
11371,A
11372,A
11373,A
11374,A
11375,A
11376,A
11377,A
11378,A
11379,A
11380,A
11381,A
11382,A
11383,A
11384,A
11385,A
11386,A
11387,A
11388,A
11389,A
11390,A
11391,A
11392,A
11393,A
11394,A
11395,A
11396,A
11397,A
11398,A
11399,A
11400,A
11401,A
11402,A
11403,A
11404,A
11405,A
11406,A
11407,A
11408,A
11409,A
11410,A
11411,A
11412,A
11413,A
11414,A
11415,A
11416,A
11417,A
11418,A
11419,A
11420,A
11421,A
11422,A
11423,A
11424,A
11425,A
11426,A
11427,A
11428,A
11429,A
11430,A
11431,A
11432,A
11433,A
11434,A
11435,A
11436,A
11437,A
11438,A
11439,A
11440,A
11441,A
11442,A
11443,A
11444,A
11445,A
11446,A
11447,A
11448,A
11449,A
11450,A
11451,A
11452,A
11453,A
11454,A
11455,A
11456,A
11457,A
11458,A
11459,A
11460,A
11461,A
11462,A
11463,A
11464,A
11465,A
11466,A
11467,A
11468,A
11469,A
11470,A
11471,A
11472,A
11473,A
11474,A
11475,A
11476,A
11477,A
11478,A
11479,A
11480,A
11481,A
11482,A
11483,A
11484,A
11485,A
11486,A
11487,A
11488,A
11489,A
11490,A
11491,A
11492,A
11493,A
11494,A
11495,A
11496,A
11497,A
11498,A
11499,A
11500,A
11501,A
11502,A
11503,A
11504,A
11505,A
11506,A
11507,A
11508,A
11509,A
11510,A
11511,A
11512,A
11513,A
11514,A
11515,A
11516,A
11517,A
11518,A
11519,A
11520,A
11521,A
11522,A
11523,A
11524,A
11525,A
11526,A
11527,A
11528,A
11529,A
11530,A
11531,A
11532,A
11533,A
11534,A
11535,A
11536,A
11537,A
11538,A
11539,A
11540,A
11541,A
11542,A
11543,A
11544,A
11545,A
11546,A
11547,A
11548,A
11549,A
11550,A
11551,A
11552,A
11553,A
11554,A
11555,A
11556,A
11557,A
11558,A
11559,A
11560,A
11561,A
11562,A
11563,A
11564,A
11565,A
11566,A
11567,A
11568,A
11569,A
11570,A
11571,A
11572,A
11573,A
11574,A
11575,A
11576,A
11577,A
11578,A
11579,A
11580,A
11581,A
11582,A
11583,A
11584,A
11585,A
11586,A
11587,A
11588,A
11589,A
11590,A
11591,A
11592,A
11593,A
11594,A
11595,A
11596,A
11597,A
11598,A
11599,A
11600,A
11601,A
11602,A
11603,A
11604,A
11605,A
11606,A
11607,A
11608,A
11609,A
11610,A
11611,A
11612,A
11613,A
11614,A
11615,A
11616,A
11617,A
11618,A
11619,A
11620,A
11621,A
11622,A
11623,A
11624,A
11625,A
11626,A
11627,A
11628,A
11629,A
11630,A
11631,A
11632,A
11633,A
11634,A
11635,A
11636,A
11637,A
11638,A
11639,A
11640,A
11641,A
11642,A
11643,A
11644,A
11645,A
11646,A
11647,A
11648,A
11649,A
11650,A
11651,A
11652,A
11653,A
11654,A
11655,A
11656,A
11657,A
11658,A
11659,A
11660,A
11661,A
11662,A
11663,A
11664,A
11665,A
11666,A
11667,A
11668,A
11669,A
11670,A
11671,A
11672,A
11673,A
11674,A
11675,A
11676,A
11677,A
11678,A
11679,A
11680,A
11681,A
11682,A
11683,A
11684,A
11685,A
11686,A
11687,A
11688,A
11689,A
11690,A
11691,A
11692,A
11693,A
11694,A
11695,A
11696,A
11697,A
11698,A
11699,A
11700,A
11701,A
11702,A
11703,A
11704,A
11705,A
11706,A
11707,A
11708,A
11709,A
11710,A
11711,A
11712,A
11713,A
11714,A
11715,A
11716,A
11717,A
11718,A
11719,A
11720,A
11721,A
11722,A
11723,A
11724,A
11725,A
11726,A
11727,A
11728,A
11729,A
11730,A
11731,A
11732,A
11733,A
11734,A
11735,A
11736,A
11737,A
11738,A
11739,A
11740,A
11741,A
11742,A
11743,A
11744,A
11745,A
11746,A
11747,A
11748,A
11749,A
11750,A
11751,A
11752,A
11753,A
11754,A
11755,A
11756,A
11757,A
11758,A
11759,A
11760,A
11761,A
11762,A
11763,A
11764,A
11765,A
11766,A
11767,A
11768,A
11769,A
11770,A
11771,A
11772,A
11773,A
11774,A
11775,A
11776,A
11777,A
11778,A
11779,A
11780,A
11781,A
11782,A
11783,A
11784,A
11785,A
11786,A
11787,A
11788,A
11789,A
11790,A
11791,A
11792,A
11793,A
11794,A
11795,A
11796,A
11797,A
11798,A
11799,A
11800,A
11801,A
11802,A
11803,A
11804,A
11805,A
11806,A
11807,A
11808,A
11809,A
11810,A
11811,A
11812,A
11813,A
11814,A
11815,A
11816,A
11817,A
11818,A
11819,A
11820,A
11821,A
11822,A
11823,A
11824,A
11825,A
11826,A
11827,A
11828,A
11829,A
11830,A
11831,A
11832,A
11833,A
11834,A
11835,A
11836,A
11837,A
11838,A
11839,A
11840,A
11841,A
11842,A
11843,A
11844,A
11845,A
11846,A
11847,A
11848,A
11849,A
11850,A
11851,A
11852,A
11853,A
11854,A
11855,A
11856,A
11857,A
11858,A
11859,A
11860,A
11861,A
11862,A
11863,A
11864,A
11865,A
11866,A
11867,A
11868,A
11869,A
11870,A
11871,A
11872,A
11873,A
11874,A
11875,A
11876,A
11877,A
11878,A
11879,A
11880,A
11881,A
11882,A
11883,A
11884,A
11885,A
11886,A
11887,A
11888,A
11889,A
11890,A
11891,A
11892,A
11893,A
11894,A
11895,A
11896,A
11897,A
11898,A
11899,A
11900,A
11901,A
11902,A
11903,A
11904,A
11905,A
11906,A
11907,A
11908,A
11909,A
11910,A
11911,A
11912,A
11913,A
11914,A
11915,A
11916,A
11917,A
11918,A
11919,A
11920,A
11921,A
11922,A
11923,A
11924,A
11925,A
11926,A
11927,A
11928,A
11929,A
11930,A
11931,A
11932,A
11933,A
11934,A
11935,A
11936,A
11937,A
11938,A
11939,A
11940,A
11941,A
11942,A
11943,A
11944,A
11945,A
11946,A
11947,A
11948,A
11949,A
11950,A
11951,A
11952,A
11953,A
11954,A
11955,A
11956,A
11957,A
11958,A
11959,A
11960,A
11961,A
11962,A
11963,A
11964,A
11965,A
11966,A
11967,A
11968,A
11969,A
11970,A
11971,A
11972,A
11973,A
11974,A
11975,A
11976,A
11977,A
11978,A
11979,A
11980,A
11981,A
11982,A
11983,A
11984,A
11985,A
11986,A
11987,A
11988,A
11989,A
11990,A
11991,A
11992,A
11993,A
11994,A
11995,A
11996,A
11997,A
11998,A
11999,A
12000,A
12001,A
12002,A
12003,A
12004,A
12005,A
12006,A
12007,A
12008,A
12009,A
12010,A
12011,A
12012,A
12013,A
12014,A
12015,A
12016,A
12017,A
12018,A
12019,A
12020,A
12021,A
12022,A
12023,A
12024,A
12025,A
12026,A
12027,A
12028,A
12029,A
12030,A
12031,A
12032,A
12033,A
12034,A
12035,A
12036,A
12037,A
12038,A
12039,A
12040,A
12041,A
12042,A
12043,A
12044,A
12045,A
12046,A
12047,A
12048,A
12049,A
12050,A
12051,A
12052,A
12053,A
12054,A
12055,A
12056,A
12057,A
12058,A
12059,A
12060,A
12061,A
12062,A
12063,A
12064,A
12065,A
12066,A
12067,A
12068,A
12069,A
12070,A
12071,A
12072,A
12073,A
12074,A
12075,A
12076,A
12077,A
12078,A
12079,A
12080,A
12081,A
12082,A
12083,A
12084,A
12085,A
12086,A
12087,A
12088,A
12089,A
12090,A
12091,A
12092,A
12093,A
12094,A
12095,A
12096,A
12097,A
12098,A
12099,A
12100,A
12101,A
12102,A
12103,A
12104,A
12105,A
12106,A
12107,A
12108,A
12109,A
12110,A
12111,A
12112,A
12113,A
12114,A
12115,A
12116,A
12117,A
12118,A
12119,A
12120,A
12121,A
12122,A
12123,A
12124,A
12125,A
12126,A
12127,A
12128,A
12129,A
12130,A
12131,A
12132,A
12133,A
12134,A
12135,A
12136,A
12137,A
12138,A
12139,A
12140,A
12141,A
12142,A
12143,A
12144,A
12145,A
12146,A
12147,A
12148,A
12149,A
12150,A
12151,A
12152,A
12153,A
12154,A
12155,A
12156,A
12157,A
12158,A
12159,A
12160,A
12161,A
12162,A
12163,A
12164,A
12165,A
12166,A
12167,A
12168,A
12169,A
12170,A
12171,A
12172,A
12173,A
12174,A
12175,A
12176,A
12177,A
12178,A
12179,A
12180,A
12181,A
12182,A
12183,A
12184,A
12185,A
12186,A
12187,A
12188,A
12189,A
12190,A
12191,A
12192,A
12193,A
12194,A
12195,A
12196,A
12197,A
12198,A
12199,A
12200,A
12201,A
12202,A
12203,A
12204,A
12205,A
12206,A
12207,A
12208,A
12209,A
12210,A
12211,A
12212,A
12213,A
12214,A
12215,A
12216,A
12217,A
12218,A
12219,A
12220,A
12221,A
12222,A
12223,A
12224,A
12225,A
12226,A
12227,A
12228,A
12229,A
12230,A
12231,A
12232,A
12233,A
12234,A
12235,A
12236,A
12237,A
12238,A
12239,A
12240,A
12241,A
12242,A
12243,A
12244,A
12245,A
12246,A
12247,A
12248,A
12249,A
12250,A
12251,A
12252,A
12253,A
12254,A
12255,A
12256,A
12257,A
12258,A
12259,A
12260,A
12261,A
12262,A
12263,A
12264,A
12265,A
12266,A
12267,A
12268,A
12269,A
12270,A
12271,A
12272,A
12273,A
12274,A
12275,A
12276,A
12277,A
12278,A
12279,A
12280,A
12281,A
12282,A
12283,A
12284,A
12285,A
12286,A
12287,A
12288,A
12289,A
12290,A
12291,A
12292,A
12293,A
12294,A
12295,A
12296,A
12297,A
12298,A
12299,A
12300,A
12301,A
12302,A
12303,A
12304,A
12305,A
12306,A
12307,A
12308,A
12309,A
12310,A
12311,A
12312,A
12313,A
12314,A
12315,A
12316,A
12317,A
12318,A
12319,A
12320,A
12321,A
12322,A
12323,A
12324,A
12325,A
12326,A
12327,A
12328,A
12329,A
12330,A
12331,A
12332,A
12333,A
12334,A
12335,A
12336,A
12337,A
12338,A
12339,A
12340,A
12341,A
12342,A
12343,A
12344,A
12345,A
12346,A
12347,A
12348,A
12349,A
12350,A
12351,A
12352,A
12353,A
12354,A
12355,A
12356,A
12357,A
12358,A
12359,A
12360,A
12361,A
12362,A
12363,A
12364,A
12365,A
12366,A
12367,A
12368,A
12369,A
12370,A
12371,A
12372,A
12373,A
12374,A
12375,A
12376,A
12377,A
12378,A
12379,A
12380,A
12381,A
12382,A
12383,A
12384,A
12385,A
12386,A
12387,A
12388,A
12389,A
12390,A
12391,A
12392,A
12393,A
12394,A
12395,A
12396,A
12397,A
12398,A
12399,A
12400,A
12401,A
12402,A
12403,A
12404,A
12405,A
12406,A
12407,A
12408,A
12409,A
12410,A
12411,A
12412,A
12413,A
12414,A
12415,A
12416,A
12417,A
12418,A
12419,A
12420,A
12421,A
12422,A
12423,A
12424,A
12425,A
12426,A
12427,A
12428,A
12429,A
12430,A
12431,A
12432,A
12433,A
12434,A
12435,A
12436,A
12437,A
12438,A
12439,A
12440,A
12441,A
12442,A
12443,A
12444,A
12445,A
12446,A
12447,A
12448,A
12449,A
12450,A
12451,A
12452,A
12453,A
12454,A
12455,A
12456,A
12457,A
12458,A
12459,A
12460,A
12461,A
12462,A
12463,A
12464,A
12465,A
12466,A
12467,A
12468,A
12469,A
12470,A
12471,A
12472,A
12473,A
12474,A
12475,A
12476,A
12477,A
12478,A
12479,A
12480,A
12481,A
12482,A
12483,A
12484,A
12485,A
12486,A
12487,A
12488,A
12489,A
12490,A
12491,A
12492,A
12493,A
12494,A
12495,A
12496,A
12497,A
12498,A
12499,A
12500,A
12501,A
12502,A
12503,A
